,ClusterName
778,Inhibitory CP
3642,Inhibitory CP
769,Inhibitory CP
5870,Inhibitory CP
5682,Inhibitory CP
6337,Inhibitory CP
2071,Inhibitory CP
6195,Inhibitory CP
4907,Inhibitory CP
4094,Inhibitory CP
2244,Inhibitory CP
5036,Inhibitory CP
2209,Inhibitory CP
4690,Inhibitory CP
5719,Inhibitory CP
6435,Inhibitory CP
6046,Inhibitory CP
645,Inhibitory CP
3427,Inhibitory CP
3959,Inhibitory CP
5867,Inhibitory CP
1845,Inhibitory CP
5754,Inhibitory CP
4980,Inhibitory CP
2311,Inhibitory CP
765,Inhibitory CP
4568,Inhibitory CP
3901,Inhibitory CP
3477,Inhibitory CP
170,Inhibitory CP
2157,Inhibitory CP
1806,Inhibitory CP
4609,Inhibitory CP
3758,Inhibitory CP
2083,Inhibitory CP
687,Inhibitory CP
2293,Inhibitory CP
6196,Inhibitory CP
6157,Inhibitory CP
3313,Inhibitory CP
5692,Inhibitory CP
5724,Inhibitory CP
4725,Inhibitory CP
3881,Inhibitory CP
205,Inhibitory CP
6302,Inhibitory CP
5048,Inhibitory CP
5413,Inhibitory CP
5857,Inhibitory CP
768,Inhibitory CP
767,Inhibitory CP
3307,Inhibitory CP
7328,Inhibitory CP
164,Inhibitory CP
7350,Inhibitory CP
5740,Inhibitory CP
6218,Inhibitory CP
2174,Inhibitory CP
6015,Inhibitory CP
4672,Inhibitory CP
6058,Inhibitory CP
5185,Inhibitory CP
6254,Inhibitory CP
5219,Inhibitory CP
4990,Inhibitory CP
3560,Inhibitory CP
3759,Inhibitory CP
6174,Inhibitory CP
6189,Inhibitory CP
7382,Inhibitory CP
6372,Inhibitory CP
2233,Inhibitory CP
7383,Inhibitory CP
5877,Inhibitory CP
5806,Inhibitory CP
6722,Inhibitory CP
3699,Inhibitory CP
3877,Inhibitory CP
2187,Inhibitory CP
5231,Inhibitory CP
2148,Inhibitory CP
809,Inhibitory CP
3583,Inhibitory CP
2076,Inhibitory CP
3803,Inhibitory CP
5681,Inhibitory CP
4031,Inhibitory CP
800,Inhibitory CP
4055,Inhibitory CP
2098,Inhibitory CP
3908,Inhibitory CP
3915,Inhibitory CP
3987,Inhibitory CP
4625,Inhibitory CP
7363,Inhibitory CP
5155,Inhibitory CP
4735,Inhibitory CP
6071,Inhibitory CP
5061,Inhibitory CP
7653,Inhibitory CP
3874,Inhibitory CP
2509,Inhibitory CP
6187,Inhibitory CP
723,Inhibitory Crhbp
6097,Inhibitory Crhbp
4613,Inhibitory Crhbp
3706,Inhibitory Crhbp
5670,Inhibitory Crhbp
5281,Inhibitory Crhbp
4218,Inhibitory Crhbp
56,Inhibitory Crhbp
2169,Inhibitory Crhbp
6181,Inhibitory Crhbp
655,Inhibitory Crhbp
868,Inhibitory Crhbp
4748,Inhibitory Crhbp
6720,Inhibitory Crhbp
4630,Inhibitory Crhbp
2061,Inhibitory Crhbp
6288,Inhibitory Crhbp
6096,Inhibitory Crhbp
243,Inhibitory Crhbp
6353,Inhibitory Crhbp
697,Inhibitory Crhbp
89,Inhibitory Crhbp
6153,Inhibitory Crhbp
5113,Inhibitory Crhbp
5696,Inhibitory Crhbp
2123,Inhibitory Crhbp
4768,Inhibitory Crhbp
3462,Inhibitory Crhbp
2510,Inhibitory Crhbp
3574,Inhibitory Crhbp
4035,Inhibitory Crhbp
5698,Inhibitory Crhbp
4596,Inhibitory Crhbp
6193,Inhibitory Crhbp
6251,Inhibitory Crhbp
4752,Inhibitory Crhbp
5804,Inhibitory Crhbp
5793,Inhibitory Crhbp
2253,Inhibitory Crhbp
1906,Inhibitory Crhbp
5057,Inhibitory Crhbp
2224,Inhibitory Crhbp
2208,Inhibitory Crhbp
2282,Inhibitory Crhbp
212,Inhibitory Crhbp
4782,Inhibitory Crhbp
2443,Inhibitory Crhbp
634,Inhibitory Crhbp
6422,Inhibitory Crhbp
818,Inhibitory Crhbp
6182,Inhibitory Crhbp
5923,Inhibitory Crhbp
4032,Inhibitory Crhbp
4893,Inhibitory Crhbp
6172,Inhibitory Crhbp
3707,Inhibitory Crhbp
5794,Inhibitory Crhbp
3422,Inhibitory Crhbp
6369,Inhibitory Crhbp
2467,Inhibitory Crhbp
3948,Inhibitory Crhbp
736,Inhibitory Crhbp
301,Inhibitory Crhbp
5947,Inhibitory Crhbp
842,Inhibitory Crhbp
4166,Inhibitory Crhbp
5233,Inhibitory Crhbp
6067,Inhibitory Crhbp
3745,Inhibitory Crhbp
3713,Inhibitory Crhbp
6315,Inhibitory Crhbp
5112,Inhibitory Crhbp
7632,Inhibitory Crhbp
5136,Inhibitory Crhbp
3834,Inhibitory Crhbp
5703,Inhibitory Crhbp
2472,Inhibitory Crhbp
2264,Inhibitory Crhbp
2215,Inhibitory Crhbp
706,Inhibitory Crhbp
621,Inhibitory Crhbp
4750,Inhibitory Crhbp
2444,Inhibitory Crhbp
4945,Inhibitory Crhbp
2137,Inhibitory Crhbp
487,Inhibitory Crhbp
690,Inhibitory Crhbp
4843,Inhibitory Crhbp
1745,Inhibitory Crhbp
5790,Inhibitory Crhbp
4020,Inhibitory Crhbp
3478,Inhibitory Crhbp
1863,Inhibitory Crhbp
2489,Inhibitory Crhbp
860,Inhibitory Cnr1
852,Inhibitory Cnr1
3576,Inhibitory Cnr1
3702,Inhibitory Cnr1
3735,Inhibitory Cnr1
4599,Inhibitory Cnr1
5845,Inhibitory Cnr1
5738,Inhibitory Cnr1
2242,Inhibitory Cnr1
1588,Inhibitory Cnr1
4883,Inhibitory Cnr1
6289,Inhibitory Cnr1
4870,Inhibitory Cnr1
5688,Inhibitory Cnr1
7341,Inhibitory Cnr1
4866,Inhibitory Cnr1
4006,Inhibitory Cnr1
6161,Inhibitory Cnr1
856,Inhibitory Cnr1
2462,Inhibitory Cnr1
2520,Inhibitory Cnr1
1908,Inhibitory Cnr1
850,Inhibitory Cnr1
16,Inhibitory Cnr1
3597,Inhibitory Cnr1
4667,Inhibitory Cnr1
5310,Inhibitory Cnr1
2258,Inhibitory Cnr1
5841,Inhibitory Cnr1
1835,Inhibitory Cnr1
4115,Inhibitory Cnr1
5735,Inhibitory Cnr1
1619,Inhibitory Cnr1
4602,Inhibitory Cnr1
4065,Inhibitory Cnr1
2122,Inhibitory Cnr1
6209,Inhibitory Cnr1
3737,Inhibitory Cnr1
4574,Inhibitory Cnr1
1715,Inhibitory Cnr1
3334,Inhibitory IC
4979,Inhibitory IC
6042,Inhibitory IC
4733,Inhibitory IC
5071,Inhibitory IC
3742,Inhibitory IC
6091,Inhibitory IC
5127,Inhibitory IC
123,Inhibitory IC
6605,Inhibitory IC
3922,Inhibitory IC
4527,Inhibitory IC
3470,Inhibitory IC
4882,Inhibitory IC
29,Inhibitory IC
7060,Inhibitory IC
1653,Inhibitory IC
5137,Inhibitory IC
5031,Inhibitory IC
6381,Inhibitory IC
185,Inhibitory IC
1595,Inhibitory IC
2109,Inhibitory IC
3410,Inhibitory IC
3896,Inhibitory IC
2146,Inhibitory IC
3734,Inhibitory IC
286,Inhibitory IC
3343,Inhibitory IC
3932,Inhibitory IC
3661,Inhibitory IC
3382,Inhibitory IC
1616,Inhibitory IC
5701,Inhibitory IC
4736,Inhibitory IC
4518,Inhibitory IC
4874,Inhibitory IC
3770,Inhibitory IC
4622,Inhibitory IC
6170,Inhibitory IC
4751,Inhibitory IC
1633,Inhibitory IC
1778,Inhibitory IC
143,Inhibitory IC
4541,Inhibitory IC
348,Inhibitory IC
5849,Inhibitory IC
5591,Inhibitory IC
5165,Inhibitory IC
4545,Inhibitory IC
4929,Inhibitory IC
248,Inhibitory IC
5081,Inhibitory IC
2201,Inhibitory IC
368,Inhibitory IC
83,Inhibitory IC
1576,Inhibitory IC
3857,Inhibitory Kcnip2
7052,Inhibitory Kcnip2
3807,Inhibitory Kcnip2
5911,Inhibitory Kcnip2
3726,Inhibitory Kcnip2
4744,Inhibitory Kcnip2
3324,Inhibitory Kcnip2
3618,Inhibitory Kcnip2
5752,Inhibitory Kcnip2
1973,Inhibitory Kcnip2
3669,Inhibitory Kcnip2
5725,Inhibitory Kcnip2
2161,Inhibitory Kcnip2
186,Inhibitory Kcnip2
2039,Inhibitory Kcnip2
2167,Inhibitory Kcnip2
2304,Inhibitory Kcnip2
679,Inhibitory Kcnip2
3755,Inhibitory Kcnip2
4794,Inhibitory Kcnip2
4678,Inhibitory Kcnip2
5163,Inhibitory Kcnip2
4928,Inhibitory Kcnip2
606,Inhibitory Kcnip2
4047,Inhibitory Kcnip2
2581,Inhibitory Kcnip2
643,Inhibitory Kcnip2
719,Inhibitory Kcnip2
4909,Inhibitory Kcnip2
6094,Inhibitory Kcnip2
321,Inhibitory Kcnip2
5963,Inhibitory Kcnip2
2133,Inhibitory Kcnip2
7066,Inhibitory Kcnip2
3368,Inhibitory Kcnip2
1807,Inhibitory Kcnip2
2089,Inhibitory Kcnip2
617,Inhibitory Kcnip2
3515,Inhibitory Kcnip2
6034,Inhibitory Kcnip2
493,Inhibitory Kcnip2
545,Inhibitory Kcnip2
3970,Inhibitory Kcnip2
7373,Inhibitory Kcnip2
2131,Inhibitory Kcnip2
601,Inhibitory Kcnip2
4796,Inhibitory Kcnip2
4800,Inhibitory Kcnip2
6005,Inhibitory Kcnip2
1915,Inhibitory Kcnip2
2057,Inhibitory Kcnip2
5024,Inhibitory Kcnip2
604,Inhibitory Kcnip2
4904,Inhibitory Kcnip2
2016,Inhibitory Kcnip2
5940,Inhibitory Kcnip2
670,Inhibitory Kcnip2
3677,Inhibitory Kcnip2
717,Inhibitory Kcnip2
431,Inhibitory Kcnip2
3386,Inhibitory Kcnip2
2152,Inhibitory Kcnip2
694,Inhibitory Kcnip2
457,Inhibitory Kcnip2
1972,Inhibitory Kcnip2
513,Inhibitory Kcnip2
6008,Inhibitory Kcnip2
5933,Inhibitory Kcnip2
2237,Inhibitory Kcnip2
550,Inhibitory Kcnip2
3862,Inhibitory Pthlh
2196,Inhibitory Pthlh
6188,Inhibitory Pthlh
4895,Inhibitory Pthlh
678,Inhibitory Pthlh
1796,Inhibitory Pthlh
837,Inhibitory Pthlh
6743,Inhibitory Pthlh
5647,Inhibitory Pthlh
3911,Inhibitory Pthlh
4612,Inhibitory Pthlh
3487,Inhibitory Pthlh
41,Inhibitory Pthlh
3859,Inhibitory Pthlh
5898,Inhibitory Pthlh
3910,Inhibitory Pthlh
3380,Inhibitory Pthlh
3664,Inhibitory Pthlh
5768,Inhibitory Pthlh
2051,Inhibitory Pthlh
3747,Inhibitory Pthlh
221,Inhibitory Pthlh
5699,Inhibitory Pthlh
312,Inhibitory Pthlh
3316,Inhibitory Pthlh
805,Inhibitory Pthlh
2226,Inhibitory Pthlh
3888,Inhibitory Pthlh
4681,Inhibitory Pthlh
3412,Inhibitory Pthlh
189,Inhibitory Pthlh
7068,Inhibitory Pthlh
3352,Inhibitory Pthlh
4769,Inhibitory Pthlh
4723,Inhibitory Pthlh
5204,Inhibitory Pthlh
2338,Inhibitory Pthlh
5119,Inhibitory Pthlh
5824,Inhibitory Pthlh
4950,Inhibitory Pthlh
5040,Inhibitory Pthlh
558,Inhibitory Pthlh
3604,Inhibitory Pthlh
4691,Inhibitory Pthlh
5663,Inhibitory Pthlh
2001,Inhibitory Pthlh
1636,Inhibitory Pthlh
1,Inhibitory Pthlh
37,Inhibitory Pthlh
4920,Inhibitory Pthlh
665,Inhibitory Pthlh
2471,Inhibitory Pthlh
5146,Inhibitory Pthlh
7075,Inhibitory Pthlh
2218,Inhibitory Pthlh
2601,Inhibitory Pthlh
293,Inhibitory Pthlh
781,Inhibitory Pthlh
4661,Inhibitory Pthlh
7073,Inhibitory Pthlh
4849,Inhibitory Pthlh
1831,Inhibitory Pthlh
203,Inhibitory Pthlh
5685,Inhibitory Pthlh
4847,Inhibitory Pthlh
585,Inhibitory Pthlh
6314,Inhibitory Pthlh
4934,Inhibitory Pthlh
6113,Inhibitory Pthlh
44,Inhibitory Pthlh
3528,Inhibitory Pthlh
3670,Inhibitory Pthlh
1621,Inhibitory Pthlh
7663,Inhibitory Pthlh
4916,Inhibitory Pthlh
6248,Inhibitory Vip
275,Inhibitory Vip
87,Inhibitory Vip
5007,Inhibitory Vip
3367,Inhibitory Vip
298,Inhibitory Vip
5020,Inhibitory Vip
5238,Inhibitory Vip
7089,Inhibitory Vip
1048,Inhibitory Vip
268,Inhibitory Vip
258,Inhibitory Vip
4830,Inhibitory Vip
5818,Inhibitory Vip
2295,Inhibitory Vip
2570,Inhibitory Vip
899,Inhibitory Vip
1591,Inhibitory Vip
1596,Inhibitory Vip
137,Inhibitory Vip
914,Inhibitory Vip
2580,Inhibitory Vip
4668,Inhibitory Vip
2577,Inhibitory Vip
202,Inhibitory Vip
5232,Inhibitory Vip
2291,Inhibitory Vip
2469,Inhibitory Vip
1713,Inhibitory Vip
1574,Inhibitory Vip
2563,Inhibitory Vip
232,Inhibitory Vip
379,Inhibitory Vip
3398,Inhibitory Vip
2517,Inhibitory Vip
2294,Inhibitory Vip
255,Inhibitory Vip
4629,Inhibitory Vip
5763,Inhibitory Vip
5608,Inhibitory Vip
6734,Inhibitory Vip
4071,Inhibitory Vip
1679,Inhibitory Vip
1864,Inhibitory Vip
1667,Inhibitory Vip
6766,Inhibitory Vip
2219,Inhibitory Vip
5340,Inhibitory Vip
6083,Inhibitory Vip
2163,Inhibitory Vip
214,Inhibitory Vip
847,Inhibitory Vip
35,Inhibitory Vip
227,Inhibitory Vip
6249,Inhibitory Vip
174,Inhibitory Vip
3957,Inhibitory Vip
96,Inhibitory Vip
3599,Inhibitory Vip
57,Inhibitory Vip
4002,Inhibitory Vip
963,Inhibitory Vip
4021,Inhibitory Vip
4046,Inhibitory Vip
226,Inhibitory Vip
4167,Inhibitory Vip
1782,Inhibitory Vip
2538,Inhibitory Vip
1026,Inhibitory Vip
5785,Inhibitory Vip
305,Inhibitory Vip
276,Inhibitory Vip
5278,Inhibitory Vip
943,Inhibitory Vip
3961,Inhibitory Vip
4096,Inhibitory Vip
2243,Inhibitory Vip
688,Inhibitory Vip
5960,Inhibitory Vip
1584,Inhibitory Vip
362,Inhibitory Vip
6299,Inhibitory Vip
422,Inhibitory Vip
1856,Inhibitory Vip
5019,Inhibitory Vip
43,Inhibitory Vip
251,Inhibitory Vip
315,Inhibitory Vip
36,Inhibitory Vip
5279,Inhibitory Vip
39,Inhibitory Vip
5318,Inhibitory Vip
2181,Inhibitory Vip
5234,Inhibitory Vip
188,Inhibitory Vip
5787,Inhibitory Vip
5786,Inhibitory Vip
63,Inhibitory Vip
6108,Inhibitory Vip
1572,Inhibitory Vip
3981,Inhibitory Vip
1920,Inhibitory Vip
2245,Inhibitory Vip
3960,Inhibitory Vip
1751,Inhibitory Vip
131,Inhibitory Vip
846,Inhibitory Vip
224,Inhibitory Vip
285,Inhibitory Vip
356,Inhibitory Vip
5653,Inhibitory Vip
4215,Inhibitory Vip
6303,Inhibitory Vip
3384,Inhibitory Vip
2262,Inhibitory Vip
6330,Inhibitory Vip
7331,Pyramidal Cpne5
6308,Pyramidal Cpne5
6171,Pyramidal Cpne5
6185,Pyramidal Cpne5
4811,Pyramidal Cpne5
7336,Pyramidal Cpne5
4138,Pyramidal Cpne5
3972,Pyramidal Cpne5
5186,Pyramidal Cpne5
4785,Pyramidal Cpne5
4718,Pyramidal Cpne5
3480,Pyramidal Cpne5
2463,Pyramidal Cpne5
5214,Pyramidal Cpne5
1897,Pyramidal Cpne5
2328,Pyramidal Cpne5
6199,Pyramidal Cpne5
5038,Pyramidal Cpne5
5294,Pyramidal Cpne5
4787,Pyramidal Cpne5
863,Pyramidal Cpne5
5260,Pyramidal Cpne5
5259,Pyramidal Cpne5
6233,Pyramidal Cpne5
5123,Pyramidal Cpne5
3853,Pyramidal Cpne5
5169,Pyramidal Cpne5
5920,Pyramidal Cpne5
6721,Pyramidal Cpne5
3449,Pyramidal Cpne5
4614,Pyramidal Cpne5
3978,Pyramidal Cpne5
5714,Pyramidal Cpne5
2320,Pyramidal Cpne5
3436,Pyramidal Cpne5
3931,Pyramidal Cpne5
6325,Pyramidal Cpne5
5200,Pyramidal Cpne5
5282,Pyramidal Cpne5
3849,Pyramidal Cpne5
819,Pyramidal Cpne5
3377,Pyramidal Cpne5
4007,Pyramidal Cpne5
5249,Pyramidal Cpne5
6230,Pyramidal Cpne5
827,Pyramidal Cpne5
4003,Pyramidal Cpne5
5150,Pyramidal Cpne5
6252,Pyramidal Cpne5
2500,Pyramidal Cpne5
6048,Pyramidal Cpne5
3766,Pyramidal Cpne5
6021,Pyramidal Cpne5
4601,Pyramidal Cpne5
5250,Pyramidal Cpne5
3431,Pyramidal Cpne5
3565,Pyramidal Cpne5
3572,Pyramidal Cpne5
5712,Pyramidal Cpne5
4578,Pyramidal Cpne5
7640,Pyramidal Cpne5
3847,Pyramidal Cpne5
1904,Pyramidal Cpne5
2312,Pyramidal Cpne5
2433,Pyramidal Cpne5
2105,Pyramidal Cpne5
2306,Pyramidal Cpne5
5805,Pyramidal Cpne5
5697,Pyramidal Cpne5
4148,Pyramidal Cpne5
7039,Pyramidal Cpne5
3506,Pyramidal Cpne5
6204,Pyramidal Cpne5
6324,Pyramidal Cpne5
5177,Pyramidal Cpne5
4803,Pyramidal Cpne5
5080,Pyramidal Cpne5
3520,Pyramidal Cpne5
2227,Pyramidal Cpne5
5813,Pyramidal Cpne5
4553,Pyramidal Cpne5
6442,Pyramidal Cpne5
6229,Pyramidal Cpne5
6135,Pyramidal Cpne5
2404,Pyramidal Cpne5
5263,Pyramidal Cpne5
6729,Pyramidal Cpne5
3992,Pyramidal Cpne5
6351,Pyramidal Cpne5
5189,Pyramidal Cpne5
5702,Pyramidal Cpne5
2297,Pyramidal Cpne5
4910,Pyramidal Cpne5
5284,Pyramidal Cpne5
7062,Pyramidal L2-3
5746,Pyramidal L2-3
4754,Pyramidal L2-3
5830,Pyramidal L2-3
5781,Pyramidal L2-3
5651,Pyramidal L2-3
4658,Pyramidal L2-3
5705,Pyramidal L2-3
1606,Pyramidal L2-3
1879,Pyramidal L2-3
1878,Pyramidal L2-3
1877,Pyramidal L2-3
4770,Pyramidal L2-3
3512,Pyramidal L2-3
2113,Pyramidal L2-3
1750,Pyramidal L2-3
1666,Pyramidal L2-3
3503,Pyramidal L2-3
4821,Pyramidal L2-3
3700,Pyramidal L2-3
5666,Pyramidal L2-3
6044,Pyramidal L2-3
3339,Pyramidal L2-3
5829,Pyramidal L2-3
5662,Pyramidal L2-3
1841,Pyramidal L2-3
4587,Pyramidal L2-3
365,Pyramidal L2-3
5639,Pyramidal L2-3
3539,Pyramidal L2-3
6713,Pyramidal L2-3
5690,Pyramidal L2-3
3639,Pyramidal L2-3
4665,Pyramidal L2-3
4711,Pyramidal L2-3
1632,Pyramidal L2-3
4671,Pyramidal L2-3
4793,Pyramidal L2-3
5640,Pyramidal L2-3
1612,Pyramidal L2-3
3546,Pyramidal L2-3
5706,Pyramidal L2-3
5691,Pyramidal L2-3
4570,Pyramidal L2-3
3554,Pyramidal L2-3
1855,Pyramidal L2-3
5700,Pyramidal L2-3
5797,Pyramidal L2-3
4640,Pyramidal L2-3
4649,Pyramidal L2-3
6762,Pyramidal L2-3
5837,Pyramidal L2-3
5726,Pyramidal L2-3
4710,Pyramidal L2-3
3587,Pyramidal L2-3
3537,Pyramidal L2-3
3516,Pyramidal L2-3
5755,Pyramidal L2-3
3545,Pyramidal L2-3
3488,Pyramidal L2-3
4759,Pyramidal L2-3
4607,Pyramidal L2-3
4862,Pyramidal L2-3
5704,Pyramidal L2-3
4792,Pyramidal L2-3
4581,Pyramidal L2-3
4648,Pyramidal L2-3
3486,Pyramidal L2-3
5803,Pyramidal L2-3
1660,Pyramidal L2-3
3547,Pyramidal L2-3
1615,Pyramidal L2-3
6714,Pyramidal L2-3
3586,Pyramidal L2-3
3438,Pyramidal L2-3
3432,Pyramidal L2-3
3643,Pyramidal L2-3
5909,Pyramidal L2-3
5848,Pyramidal L2-3
3360,Pyramidal L2-3
3468,Pyramidal L2-3
4576,Pyramidal L2-3
4873,Pyramidal L2-3
4700,Pyramidal L2-3
3754,Pyramidal L2-3
4756,Pyramidal L2-3
3481,Pyramidal L2-3
6717,Pyramidal L2-3
5676,Pyramidal L2-3
1696,Pyramidal L2-3
5737,Pyramidal L2-3
5822,Pyramidal L2-3
4799,Pyramidal L2-3
3508,Pyramidal L2-3
5637,Pyramidal L2-3
5695,Pyramidal L2-3
3482,Pyramidal L2-3
6738,Pyramidal L2-3
1608,Pyramidal L2-3
4868,Pyramidal L2-3
4758,Pyramidal L2-3
4560,Pyramidal L2-3
5635,Pyramidal L2-3
5788,Pyramidal L2-3
1670,Pyramidal L2-3
6736,Pyramidal L2-3
3510,Pyramidal L2-3
4704,Pyramidal L2-3
5798,Pyramidal L2-3
4734,Pyramidal L2-3
5728,Pyramidal L2-3
5732,Pyramidal L2-3
6723,Pyramidal L2-3
1724,Pyramidal L2-3
5686,Pyramidal L2-3
4688,Pyramidal L2-3
5789,Pyramidal L2-3
4654,Pyramidal L2-3
4685,Pyramidal L2-3
4669,Pyramidal L2-3
4580,Pyramidal L2-3
3362,Pyramidal L2-3
4637,Pyramidal L2-3
4651,Pyramidal L2-3
4680,Pyramidal L2-3
5927,Pyramidal L2-3
4595,Pyramidal L2-3
3802,Pyramidal L2-3
6740,Pyramidal L2-3
4675,Pyramidal L2-3
1722,Pyramidal L2-3
3581,Pyramidal L2-3
1662,Pyramidal L2-3
3396,Pyramidal L2-3
1811,Pyramidal L2-3
4684,Pyramidal L2-3
1654,Pyramidal L2-3
6017,Pyramidal L2-3
4647,Pyramidal L2-3
5776,Pyramidal L2-3
4788,Pyramidal L2-3
3420,Pyramidal L2-3
3580,Pyramidal L2-3
5780,Pyramidal L2-3
3433,Pyramidal L2-3
5731,Pyramidal L2-3
1657,Pyramidal L2-3
5689,Pyramidal L2-3
3674,Pyramidal L2-3
3472,Pyramidal L2-3
3521,Pyramidal L2-3
1656,Pyramidal L2-3
3522,Pyramidal L2-3
1886,Pyramidal L2-3
3541,Pyramidal L2-3
6255,Pyramidal L2-3
4618,Pyramidal L2-3
4679,Pyramidal L2-3
3649,Pyramidal L2-3
5733,Pyramidal L2-3
2232,Pyramidal L2-3
5644,Pyramidal L2-3
6719,Pyramidal L2-3
5782,Pyramidal L2-3
3627,Pyramidal L2-3
5820,Pyramidal L2-3
4765,Pyramidal L2-3
3370,Pyramidal L2-3
4584,Pyramidal L2-3
3774,Pyramidal L2-3
4689,Pyramidal L2-3
4764,Pyramidal L2-3
4755,Pyramidal L2-3
5843,Pyramidal L2-3
3632,Pyramidal L2-3
3428,Pyramidal L2-3
6007,Pyramidal L2-3
3366,Pyramidal L2-3
4854,Pyramidal L2-3
4594,Pyramidal L2-3
4766,Pyramidal L2-3
3464,Pyramidal L2-3
3426,Pyramidal L2-3
4855,Pyramidal L2-3
5817,Pyramidal L2-3
1611,Pyramidal L2-3
5801,Pyramidal L2-3
4626,Pyramidal L2-3
1634,Pyramidal L2-3
3728,Pyramidal L2-3
6733,Pyramidal L2-3
5722,Pyramidal L2-3
4728,Pyramidal L2-3
5778,Pyramidal L2-3
1665,Pyramidal L2-3
1617,Pyramidal L2-3
4600,Pyramidal L2-3
332,Pyramidal L2-3
3355,Pyramidal L2-3
2427,Pyramidal L2-3
5026,Pyramidal L2-3
3365,Pyramidal L2-3
3498,Pyramidal L2-3
4763,Pyramidal L2-3
5779,Pyramidal L2-3
4653,Pyramidal L2-3
3425,Pyramidal L2-3 L5
4808,Pyramidal L2-3 L5
3405,Pyramidal L2-3 L5
3872,Pyramidal L2-3 L5
4642,Pyramidal L2-3 L5
245,Pyramidal L2-3 L5
4569,Pyramidal L2-3 L5
4988,Pyramidal L2-3 L5
3860,Pyramidal L2-3 L5
272,Pyramidal L2-3 L5
1569,Pyramidal L2-3 L5
71,Pyramidal L2-3 L5
1663,Pyramidal L2-3 L5
204,Pyramidal L2-3 L5
5650,Pyramidal L2-3 L5
1680,Pyramidal L2-3 L5
274,Pyramidal L2-3 L5
1785,Pyramidal L2-3 L5
341,Pyramidal L2-3 L5
3430,Pyramidal L2-3 L5
5028,Pyramidal L2-3 L5
3838,Pyramidal L2-3 L5
4606,Pyramidal L2-3 L5
6132,Pyramidal L2-3 L5
749,Pyramidal L2-3 L5
5073,Pyramidal L2-3 L5
1720,Pyramidal L2-3 L5
5206,Pyramidal L2-3 L5
4712,Pyramidal L2-3 L5
4620,Pyramidal L2-3 L5
7346,Pyramidal L2-3 L5
6085,Pyramidal L2-3 L5
18,Pyramidal L2-3 L5
4605,Pyramidal L2-3 L5
7355,Pyramidal L2-3 L5
3401,Pyramidal L2-3 L5
2050,Pyramidal L2-3 L5
6742,Pyramidal L2-3 L5
2195,Pyramidal L2-3 L5
3392,Pyramidal L2-3 L5
250,Pyramidal L2-3 L5
5809,Pyramidal L2-3 L5
3308,Pyramidal L2-3 L5
3505,Pyramidal L2-3 L5
3322,Pyramidal L2-3 L5
284,Pyramidal L2-3 L5
3828,Pyramidal L2-3 L5
7371,Pyramidal L2-3 L5
62,Pyramidal L2-3 L5
1813,Pyramidal L2-3 L5
4619,Pyramidal L2-3 L5
5745,Pyramidal L2-3 L5
4912,Pyramidal L2-3 L5
3820,Pyramidal L2-3 L5
4699,Pyramidal L2-3 L5
4694,Pyramidal L2-3 L5
5039,Pyramidal L2-3 L5
5892,Pyramidal L2-3 L5
352,Pyramidal L2-3 L5
4552,Pyramidal L2-3 L5
5799,Pyramidal L2-3 L5
2221,Pyramidal L2-3 L5
6214,Pyramidal L2-3 L5
259,Pyramidal L2-3 L5
5736,Pyramidal L2-3 L5
3866,Pyramidal L2-3 L5
32,Pyramidal L2-3 L5
3378,Pyramidal L2-3 L5
3893,Pyramidal L2-3 L5
6715,Pyramidal L2-3 L5
257,Pyramidal L2-3 L5
4643,Pyramidal L2-3 L5
3465,Pyramidal L2-3 L5
4571,Pyramidal L2-3 L5
1593,Pyramidal L2-3 L5
5221,Pyramidal L2-3 L5
1706,Pyramidal L2-3 L5
3552,Pyramidal L2-3 L5
6110,Pyramidal L2-3 L5
1652,Pyramidal L2-3 L5
3936,Pyramidal L2-3 L5
3876,Pyramidal L2-3 L5
6725,Pyramidal L2-3 L5
5199,Pyramidal L2-3 L5
3532,Pyramidal L2-3 L5
3821,Pyramidal L2-3 L5
3867,Pyramidal L2-3 L5
4610,Pyramidal L2-3 L5
3421,Pyramidal L2-3 L5
4636,Pyramidal L2-3 L5
6160,Pyramidal L2-3 L5
2280,Pyramidal L2-3 L5
6075,Pyramidal L2-3 L5
2168,Pyramidal L2-3 L5
735,Pyramidal L2-3 L5
747,Pyramidal L2-3 L5
3496,Pyramidal L2-3 L5
306,Pyramidal L2-3 L5
262,Pyramidal L2-3 L5
7379,Pyramidal L2-3 L5
5156,Pyramidal L2-3 L5
314,Pyramidal L2-3 L5
4925,Pyramidal L2-3 L5
3752,Pyramidal L2-3 L5
304,Pyramidal L2-3 L5
4919,Pyramidal L2-3 L5
6183,Pyramidal L2-3 L5
1638,Pyramidal L2-3 L5
225,Pyramidal L2-3 L5
1594,Pyramidal L2-3 L5
4659,Pyramidal L2-3 L5
74,Pyramidal L2-3 L5
5761,Pyramidal L2-3 L5
4743,Pyramidal L2-3 L5
3393,Pyramidal L2-3 L5
436,Pyramidal L2-3 L5
1637,Pyramidal L2-3 L5
3830,Pyramidal L2-3 L5
6159,Pyramidal L2-3 L5
1649,Pyramidal L2-3 L5
299,Pyramidal L2-3 L5
5645,Pyramidal L2-3 L5
3357,Pyramidal L2-3 L5
3600,Pyramidal L2-3 L5
2130,Pyramidal L2-3 L5
5741,Pyramidal L2-3 L5
2158,Pyramidal L2-3 L5
4633,Pyramidal L2-3 L5
6107,Pyramidal L2-3 L5
3328,Pyramidal L2-3 L5
4131,Pyramidal L2-3 L5
5759,Pyramidal L2-3 L5
3469,Pyramidal L2-3 L5
5721,Pyramidal L2-3 L5
3878,Pyramidal L2-3 L5
5134,Pyramidal L2-3 L5
5990,Pyramidal L2-3 L5
6133,Pyramidal L2-3 L5
6190,Pyramidal L2-3 L5
3624,Pyramidal L2-3 L5
354,Pyramidal L2-3 L5
1710,Pyramidal L2-3 L5
3836,Pyramidal L2-3 L5
1678,Pyramidal L2-3 L5
4900,Pyramidal L2-3 L5
5171,Pyramidal L2-3 L5
3359,Pyramidal L2-3 L5
20,Pyramidal L2-3 L5
5658,Pyramidal L2-3 L5
309,Pyramidal L2-3 L5
1717,Pyramidal L2-3 L5
3536,Pyramidal L2-3 L5
5748,Pyramidal L2-3 L5
222,Pyramidal L2-3 L5
4949,Pyramidal L2-3 L5
4695,Pyramidal L2-3 L5
4757,Pyramidal L2-3 L5
206,Pyramidal L2-3 L5
3452,Pyramidal L2-3 L5
3363,Pyramidal L2-3 L5
247,Pyramidal L2-3 L5
3454,Pyramidal L2-3 L5
4985,Pyramidal L2-3 L5
4639,Pyramidal L2-3 L5
3727,Pyramidal L2-3 L5
127,Pyramidal L2-3 L5
6165,Pyramidal L2-3 L5
4783,Pyramidal L2-3 L5
3782,Pyramidal L2-3 L5
7345,Pyramidal L2-3 L5
3816,Pyramidal L2-3 L5
5132,Pyramidal L2-3 L5
5832,Pyramidal L2-3 L5
4676,Pyramidal L2-3 L5
313,Pyramidal L2-3 L5
6102,Pyramidal L2-3 L5
5668,Pyramidal L2-3 L5
5764,Pyramidal L2-3 L5
3808,Pyramidal L2-3 L5
218,Pyramidal L2-3 L5
1682,Pyramidal L2-3 L5
271,Pyramidal L2-3 L5
1820,Pyramidal L2-3 L5
1644,Pyramidal L2-3 L5
1732,Pyramidal L2-3 L5
6056,Pyramidal L2-3 L5
7351,Pyramidal L2-3 L5
3946,Pyramidal L2-3 L5
7357,Pyramidal L2-3 L5
50,Pyramidal L2-3 L5
1622,Pyramidal L2-3 L5
1607,Pyramidal L2-3 L5
3941,Pyramidal L2-3 L5
296,Pyramidal L2-3 L5
279,Pyramidal L2-3 L5
4634,Pyramidal L2-3 L5
6741,Pyramidal L2-3 L5
1739,Pyramidal L2-3 L5
138,Pyramidal L2-3 L5
1838,Pyramidal L2-3 L5
3799,Pyramidal L2-3 L5
5729,Pyramidal L2-3 L5
3795,Pyramidal L2-3 L5
184,Pyramidal L2-3 L5
1793,Pyramidal L2-3 L5
716,Pyramidal L2-3 L5
3451,Pyramidal L2-3 L5
270,Pyramidal L2-3 L5
1642,Pyramidal L2-3 L5
6761,Pyramidal L2-3 L5
3435,Pyramidal L2-3 L5
4915,Pyramidal L2-3 L5
4666,Pyramidal L2-3 L5
5885,Pyramidal L2-3 L5
1705,Pyramidal L2-3 L5
525,Pyramidal L2-3 L5
6184,Pyramidal L2-3 L5
4664,Pyramidal L2-3 L5
1738,Pyramidal L2-3 L5
5708,Pyramidal L2-3 L5
269,Pyramidal L2-3 L5
308,Pyramidal L2-3 L5
6764,Pyramidal L2-3 L5
4836,Pyramidal L2-3 L5
6049,Pyramidal L2-3 L5
5683,Pyramidal L2-3 L5
3822,Pyramidal L2-3 L5
1659,Pyramidal L2-3 L5
3933,Pyramidal L2-3 L5
2180,Pyramidal L2-3 L5
26,Pyramidal L2-3 L5
5680,Pyramidal L2-3 L5
48,Pyramidal L2-3 L5
6086,Pyramidal L2-3 L5
1630,Pyramidal L2-3 L5
2121,Pyramidal L2-3 L5
4617,Pyramidal L2-3 L5
219,Pyramidal L2-3 L5
1620,Pyramidal L2-3 L5
725,Pyramidal L2-3 L5
5769,Pyramidal L2-3 L5
3397,Pyramidal L2-3 L5
2166,Pyramidal L2-3 L5
4632,Pyramidal L2-3 L5
5734,Pyramidal L2-3 L5
2139,Pyramidal L2-3 L5
3909,Pyramidal L2-3 L5
6124,Pyramidal L2-3 L5
3513,Pyramidal L2-3 L5
3388,Pyramidal L2-3 L5
3390,Pyramidal L2-3 L5
6109,Pyramidal L2-3 L5
84,Pyramidal L2-3 L5
5760,Pyramidal L2-3 L5
773,Pyramidal L2-3 L5
264,Pyramidal L2-3 L5
3445,Pyramidal L2-3 L5
1756,Pyramidal L2-3 L5
234,Pyramidal L2-3 L5
3924,Pyramidal L2-3 L5
5082,Pyramidal L2-3 L5
5010,Pyramidal L2-3 L5
3523,Pyramidal L2-3 L5
4833,Pyramidal L2-3 L5
6162,Pyramidal L2-3 L5
3389,Pyramidal L2-3 L5
4686,Pyramidal L2-3 L5
6219,Pyramidal L2-3 L5
129,Pyramidal L2-3 L5
3827,Pyramidal L2-3 L5
4839,Pyramidal L2-3 L5
5673,Pyramidal L2-3 L5
1709,Pyramidal L2-3 L5
646,Pyramidal L2-3 L5
2171,Pyramidal L2-3 L5
91,Pyramidal L2-3 L5
239,Pyramidal L2-3 L5
4575,Pyramidal L2-3 L5
3530,Pyramidal L2-3 L5
724,Pyramidal L2-3 L5
5652,Pyramidal L2-3 L5
94,Pyramidal L2-3 L5
108,Pyramidal L2-3 L5
3937,Pyramidal L2-3 L5
2100,Pyramidal L2-3 L5
254,Pyramidal L2-3 L5
2175,Pyramidal L2-3 L5
4635,Pyramidal L2-3 L5
5710,Pyramidal L2-3 L5
5090,Pyramidal L2-3 L5
2138,Pyramidal L2-3 L5
5751,Pyramidal L2-3 L5
55,Pyramidal L2-3 L5
1648,Pyramidal L2-3 L5
3851,Pyramidal L2-3 L5
5032,Pyramidal L2-3 L5
4805,Pyramidal L2-3 L5
750,Pyramidal L2-3 L5
1783,Pyramidal L2-3 L5
6131,Pyramidal L2-3 L5
4628,Pyramidal L2-3 L5
238,Pyramidal L2-3 L5
287,Pyramidal L2-3 L5
6213,Pyramidal L2-3 L5
5715,Pyramidal L2-3 L5
3805,Pyramidal L2-3 L5
5046,Pyramidal L2-3 L5
1640,Pyramidal L2-3 L5
5747,Pyramidal L2-3 L5
4638,Pyramidal L2-3 L5
4749,Pyramidal L2-3 L5
3531,Pyramidal L2-3 L5
4611,Pyramidal L2-3 L5
363,Pyramidal L2-3 L5
4577,Pyramidal L2-3 L5
3403,Pyramidal L2-3 L5
277,Pyramidal L2-3 L5
3607,Pyramidal L2-3 L5
5934,Pyramidal Kcnip2
1757,Pyramidal Kcnip2
618,Pyramidal Kcnip2
7054,Pyramidal Kcnip2
4978,Pyramidal Kcnip2
4692,Pyramidal Kcnip2
628,Pyramidal Kcnip2
3753,Pyramidal Kcnip2
455,Pyramidal Kcnip2
1746,Pyramidal Kcnip2
3645,Pyramidal Kcnip2
3529,Pyramidal Kcnip2
392,Pyramidal Kcnip2
5945,Pyramidal Kcnip2
5056,Pyramidal Kcnip2
5050,Pyramidal Kcnip2
2097,Pyramidal Kcnip2
1771,Pyramidal Kcnip2
2081,Pyramidal Kcnip2
476,Pyramidal Kcnip2
4901,Pyramidal Kcnip2
477,Pyramidal Kcnip2
1932,Pyramidal Kcnip2
3644,Pyramidal Kcnip2
6036,Pyramidal Kcnip2
666,Pyramidal Kcnip2
568,Pyramidal Kcnip2
3703,Pyramidal Kcnip2
532,Pyramidal Kcnip2
4813,Pyramidal L3-4
426,Pyramidal L3-4
102,Pyramidal L3-4
5864,Pyramidal L3-4
3630,Pyramidal L3-4
7065,Pyramidal L3-4
548,Pyramidal L3-4
1699,Pyramidal L3-4
1848,Pyramidal L3-4
1773,Pyramidal L3-4
6755,Pyramidal L3-4
93,Pyramidal L3-4
4722,Pyramidal L3-4
126,Pyramidal L3-4
434,Pyramidal L3-4
1905,Pyramidal L3-4
1980,Pyramidal L3-4
5707,Pyramidal L3-4
517,Pyramidal L3-4
5831,Pyramidal L3-4
4837,Pyramidal L3-4
1865,Pyramidal L3-4
5915,Pyramidal L3-4
6191,Pyramidal L3-4
3623,Pyramidal L3-4
3571,Pyramidal L3-4
1968,Pyramidal L3-4
1727,Pyramidal L3-4
1880,Pyramidal L3-4
385,Pyramidal L3-4
4844,Pyramidal L3-4
3555,Pyramidal L3-4
3638,Pyramidal L3-4
456,Pyramidal L3-4
1830,Pyramidal L3-4
338,Pyramidal L3-4
6043,Pyramidal L3-4
1822,Pyramidal L3-4
1780,Pyramidal L3-4
3667,Pyramidal L3-4
6758,Pyramidal L3-4
6079,Pyramidal L3-4
1725,Pyramidal L3-4
1735,Pyramidal L3-4
479,Pyramidal L3-4
1854,Pyramidal L3-4
4864,Pyramidal L3-4
1826,Pyramidal L3-4
404,Pyramidal L3-4
3687,Pyramidal L3-4
6018,Pyramidal L3-4
1718,Pyramidal L3-4
3595,Pyramidal L3-4
5924,Pyramidal L3-4
4959,Pyramidal L3-4
1839,Pyramidal L3-4
5770,Pyramidal L3-4
3443,Pyramidal L3-4
3444,Pyramidal L3-4
1754,Pyramidal L3-4
1872,Pyramidal L3-4
1889,Pyramidal L3-4
1766,Pyramidal L3-4
5903,Pyramidal L3-4
291,Pyramidal L3-4
1812,Pyramidal L3-4
507,Pyramidal L3-4
466,Pyramidal L3-4
335,Pyramidal L3-4
409,Pyramidal L3-4
3617,Pyramidal L3-4
1686,Pyramidal L3-4
361,Pyramidal L3-4
3748,Pyramidal L3-4
3573,Pyramidal L3-4
4762,Pyramidal L3-4
1857,Pyramidal L3-4
351,Pyramidal L3-4
1869,Pyramidal L3-4
5925,Pyramidal L3-4
441,Pyramidal L3-4
4829,Pyramidal L3-4
347,Pyramidal L3-4
535,Pyramidal L3-4
3548,Pyramidal L3-4
1851,Pyramidal L3-4
90,Pyramidal L3-4
1809,Pyramidal L3-4
4810,Pyramidal L3-4
538,Pyramidal L3-4
3460,Pyramidal L3-4
5913,Pyramidal L3-4
5835,Pyramidal L3-4
1792,Pyramidal L3-4
3603,Pyramidal L3-4
3614,Pyramidal L3-4
642,Pyramidal L3-4
1929,Pyramidal L3-4
1794,Pyramidal L3-4
4791,Pyramidal L3-4
5816,Pyramidal L3-4
412,Pyramidal L3-4
4761,Pyramidal L3-4
7050,Pyramidal L3-4
1702,Pyramidal L3-4
516,Pyramidal L3-4
4753,Pyramidal L3-4
1704,Pyramidal L3-4
3598,Pyramidal L3-4
5203,Pyramidal L3-4
4896,Pyramidal L3-4
5906,Pyramidal L3-4
4856,Pyramidal L3-4
3631,Pyramidal L3-4
565,Pyramidal L3-4
1913,Pyramidal L3-4
502,Pyramidal L3-4
1736,Pyramidal L3-4
322,Pyramidal L3-4
3715,Pyramidal L3-4
1833,Pyramidal L3-4
391,Pyramidal L3-4
4698,Pyramidal L3-4
1758,Pyramidal L3-4
5880,Pyramidal L3-4
7044,Pyramidal L3-4
461,Pyramidal L3-4
1887,Pyramidal L3-4
122,Pyramidal L3-4
4860,Pyramidal L3-4
3557,Pyramidal L3-4
6032,Pyramidal L3-4
4777,Pyramidal L3-4
292,Pyramidal L3-4
320,Pyramidal L3-4
5918,Pyramidal L3-4
5693,Pyramidal L3-4
6026,Pyramidal L3-4
1903,Pyramidal L3-4
1810,Pyramidal L3-4
5936,Pyramidal L3-4
4804,Pyramidal L3-4
7036,Pyramidal L3-4
6014,Pyramidal L3-4
4877,Pyramidal L3-4
1819,Pyramidal L3-4
4851,Pyramidal L3-4
1737,Pyramidal L3-4
5826,Pyramidal L3-4
6119,Pyramidal L3-4
64,Pyramidal L3-4
5957,Pyramidal L3-4
136,Pyramidal L3-4
3442,Pyramidal L3-4
4715,Pyramidal L3-4
4742,Pyramidal L3-4
77,Pyramidal L3-4
518,Pyramidal L3-4
3710,pyramidal L4
4958,pyramidal L4
2058,pyramidal L4
563,pyramidal L4
377,pyramidal L4
3549,pyramidal L4
3636,pyramidal L4
530,pyramidal L4
2114,pyramidal L4
651,pyramidal L4
437,pyramidal L4
386,pyramidal L4
5971,pyramidal L4
639,pyramidal L4
2064,pyramidal L4
571,pyramidal L4
3411,pyramidal L4
1950,pyramidal L4
5991,pyramidal L4
3633,pyramidal L4
5956,pyramidal L4
641,pyramidal L4
709,pyramidal L4
111,pyramidal L4
2062,pyramidal L4
537,pyramidal L4
680,pyramidal L4
3616,pyramidal L4
390,pyramidal L4
5871,pyramidal L4
549,pyramidal L4
2024,pyramidal L4
6031,pyramidal L4
536,pyramidal L4
1775,pyramidal L4
3619,pyramidal L4
531,pyramidal L4
4802,pyramidal L4
539,pyramidal L4
2020,pyramidal L4
1967,pyramidal L4
4721,pyramidal L4
1948,pyramidal L4
528,pyramidal L4
1933,pyramidal L4
616,pyramidal L4
1755,pyramidal L4
3968,pyramidal L4
2077,pyramidal L4
2082,pyramidal L4
5855,pyramidal L4
2075,pyramidal L4
3739,pyramidal L4
397,pyramidal L4
635,pyramidal L4
4729,pyramidal L4
5978,pyramidal L4
1939,pyramidal L4
1966,pyramidal L4
648,pyramidal L4
383,pyramidal L4
5058,pyramidal L4
609,pyramidal L4
7063,pyramidal L4
1955,pyramidal L4
3591,pyramidal L4
4795,pyramidal L4
3594,pyramidal L4
4935,pyramidal L4
4815,pyramidal L4
2021,pyramidal L4
1781,pyramidal L4
417,pyramidal L4
2211,pyramidal L4
1798,pyramidal L4
416,pyramidal L4
597,pyramidal L4
148,pyramidal L4
2023,pyramidal L4
2088,pyramidal L4
2025,pyramidal L4
2162,pyramidal L4
4716,pyramidal L4
372,pyramidal L4
1825,pyramidal L4
5942,pyramidal L4
2044,pyramidal L4
3656,pyramidal L4
2160,pyramidal L4
1953,pyramidal L4
3628,pyramidal L4
5881,pyramidal L4
1837,pyramidal L4
486,pyramidal L4
5993,pyramidal L4
104,pyramidal L4
2019,pyramidal L4
463,pyramidal L4
569,pyramidal L4
658,pyramidal L4
414,pyramidal L4
515,pyramidal L4
3601,pyramidal L4
602,pyramidal L4
7057,pyramidal L4
4975,pyramidal L4
67,pyramidal L4
2099,pyramidal L4
1749,pyramidal L4
1945,pyramidal L4
5979,pyramidal L4
1954,pyramidal L4
588,pyramidal L4
3786,pyramidal L4
4775,pyramidal L4
3602,pyramidal L4
584,pyramidal L4
7092,pyramidal L4
121,pyramidal L4
653,pyramidal L4
5834,pyramidal L4
410,pyramidal L4
4952,pyramidal L4
7055,pyramidal L4
367,pyramidal L4
649,pyramidal L4
523,pyramidal L4
620,pyramidal L4
5972,pyramidal L4
711,pyramidal L4
2007,pyramidal L4
1961,pyramidal L4
2117,pyramidal L4
2008,pyramidal L4
5941,pyramidal L4
605,pyramidal L4
5902,pyramidal L4
2029,pyramidal L4
2102,pyramidal L4
1814,pyramidal L4
625,pyramidal L4
509,pyramidal L4
1912,pyramidal L4
5919,pyramidal L4
4962,pyramidal L4
1991,pyramidal L4
2275,pyramidal L4
3493,pyramidal L4
1777,pyramidal L4
6073,pyramidal L4
3793,pyramidal L4
713,pyramidal L4
1712,pyramidal L4
5882,pyramidal L4
7081,pyramidal L4
3575,pyramidal L4
393,pyramidal L4
3804,pyramidal L4
1936,pyramidal L4
5987,pyramidal L4
2014,pyramidal L4
2091,pyramidal L4
3654,pyramidal L4
3566,pyramidal L4
1999,pyramidal L4
501,pyramidal L4
657,pyramidal L4
4996,pyramidal L4
5969,pyramidal L4
1902,pyramidal L4
3558,pyramidal L4
4717,pyramidal L4
1947,pyramidal L4
145,pyramidal L4
748,pyramidal L4
7079,pyramidal L4
5002,pyramidal L4
1982,pyramidal L4
395,pyramidal L4
3714,pyramidal L4
489,pyramidal L4
4951,pyramidal L4
3584,pyramidal L4
567,pyramidal L4
7086,pyramidal L4
5894,pyramidal L4
5140,pyramidal L4
2013,pyramidal L4
4789,pyramidal L4
2072,pyramidal L4
4880,pyramidal L4
2115,pyramidal L4
3698,pyramidal L4
6045,pyramidal L4
3730,pyramidal L4
2251,pyramidal L4
607,pyramidal L4
346,pyramidal L4
4968,pyramidal L4
582,pyramidal L4
360,pyramidal L4
1817,pyramidal L4
424,pyramidal L4
1907,pyramidal L4
5868,pyramidal L4
428,pyramidal L4
5967,pyramidal L4
2070,pyramidal L4
1740,pyramidal L4
5847,pyramidal L4
3719,pyramidal L4
499,pyramidal L4
7069,pyramidal L4
1849,pyramidal L4
7056,pyramidal L4
5896,pyramidal L4
3678,pyramidal L4
492,pyramidal L4
6001,pyramidal L4
691,pyramidal L4
696,pyramidal L4
86,pyramidal L4
1992,pyramidal L4
2036,pyramidal L4
5998,pyramidal L4
3682,pyramidal L4
1768,pyramidal L4
4832,pyramidal L4
405,pyramidal L4
1927,pyramidal L4
527,pyramidal L4
6039,pyramidal L4
5859,pyramidal L4
566,pyramidal L4
3671,pyramidal L4
2116,pyramidal L4
561,pyramidal L4
1934,pyramidal L4
4850,pyramidal L4
1788,pyramidal L4
2049,pyramidal L4
4894,pyramidal L4
2002,pyramidal L4
3778,pyramidal L4
6028,pyramidal L4
573,pyramidal L4
4974,pyramidal L4
4848,pyramidal L4
5873,pyramidal L4
6037,pyramidal L4
430,pyramidal L4
425,pyramidal L4
686,pyramidal L4
2031,pyramidal L4
135,pyramidal L4
570,pyramidal L4
594,pyramidal L4
5874,pyramidal L4
1898,pyramidal L4
5866,pyramidal L4
5869,pyramidal L4
5939,pyramidal L4
1951,pyramidal L4
3585,pyramidal L4
3717,pyramidal L4
547,pyramidal L4
2085,pyramidal L4
3705,pyramidal L4
1874,pyramidal L4
2004,pyramidal L4
1975,pyramidal L4
1944,pyramidal L4
3663,pyramidal L4
3637,pyramidal L4
5863,pyramidal L4
579,pyramidal L4
473,pyramidal L4
512,pyramidal L4
1789,pyramidal L4
5766,pyramidal L4
508,pyramidal L4
3767,pyramidal L4
2079,pyramidal L4
4706,pyramidal L4
636,pyramidal L4
5862,pyramidal L4
2111,pyramidal L4
519,pyramidal L4
1917,pyramidal L4
830,pyramidal L4
533,pyramidal L4
2032,pyramidal L4
3775,pyramidal L4
376,pyramidal L4
575,pyramidal L4
3681,pyramidal L4
1922,pyramidal L4
652,pyramidal L4
6002,pyramidal L4
1873,pyramidal L4
4730,pyramidal L4
4970,pyramidal L4
3711,pyramidal L4
467,pyramidal L4
464,pyramidal L4
2086,pyramidal L4
4841,pyramidal L4
540,pyramidal L4
557,pyramidal L4
6035,pyramidal L4
381,pyramidal L4
677,pyramidal L4
1761,pyramidal L4
68,pyramidal L4
3746,pyramidal L4
654,pyramidal L4
1994,pyramidal L4
147,pyramidal L4
3592,pyramidal L4
587,pyramidal L4
5889,pyramidal L4
4879,pyramidal L4
3777,pyramidal L4
7085,pyramidal L4
3718,pyramidal L4
2199,pyramidal L4
494,pyramidal L4
3732,pyramidal L4
4797,pyramidal L4
785,pyramidal L4
4918,pyramidal L4
3542,pyramidal L4
2037,pyramidal L4
5914,pyramidal L4
1894,pyramidal L4
5953,pyramidal L4
2035,pyramidal L4
273,pyramidal L4
5858,pyramidal L4
504,pyramidal L4
7070,pyramidal L4
5930,pyramidal L4
1959,pyramidal L4
1935,pyramidal L4
447,pyramidal L4
3613,pyramidal L4
4872,pyramidal L4
3791,pyramidal L4
448,pyramidal L4
1733,pyramidal L4
5955,pyramidal L4
5974,pyramidal L4
484,pyramidal L4
6072,pyramidal L4
2205,pyramidal L4
1957,pyramidal L4
500,pyramidal L4
2127,pyramidal L4
2042,pyramidal L4
1799,pyramidal L4
757,pyramidal L4
5984,pyramidal L4
4887,pyramidal L4
5952,pyramidal L4
3789,pyramidal L4
2059,pyramidal L4
624,pyramidal L4
4993,pyramidal L4
4840,pyramidal L4
4846,pyramidal L4
1925,pyramidal L4
524,pyramidal L4
3958,pyramidal L4
2092,pyramidal L4
5854,pyramidal L4
1871,pyramidal L4
2034,pyramidal L4
3708,pyramidal L4
1836,pyramidal L4
7053,pyramidal L4
4835,pyramidal L4
1881,pyramidal L4
5011,pyramidal L4
1958,pyramidal L4
4966,pyramidal L4
4936,pyramidal L4
3760,pyramidal L4
2106,pyramidal L4
2065,pyramidal L4
2331,pyramidal L4
5895,pyramidal L4
5775,pyramidal L4
3723,pyramidal L4
485,pyramidal L4
1779,pyramidal L4
496,pyramidal L4
1786,pyramidal L4
5890,pyramidal L4
4798,pyramidal L4
5900,pyramidal L4
2055,pyramidal L4
1890,pyramidal L4
1723,pyramidal L4
4816,pyramidal L4
369,pyramidal L4
110,pyramidal L4
3712,pyramidal L4
5004,pyramidal L4
626,pyramidal L4
3722,pyramidal L4
144,pyramidal L4
676,pyramidal L4
471,pyramidal L4
446,pyramidal L4
1952,pyramidal L4
562,pyramidal L4
1985,pyramidal L4
1787,pyramidal L4
5887,pyramidal L4
3647,pyramidal L4
522,pyramidal L4
7047,pyramidal L4
6038,pyramidal L4
544,pyramidal L4
1997,pyramidal L4
2307,pyramidal L4
1965,pyramidal L4
4834,pyramidal L4
612,pyramidal L4
3655,pyramidal L4
3551,pyramidal L4
2087,pyramidal L4
118,pyramidal L4
4767,pyramidal L4
583,pyramidal L4
738,pyramidal L4
4714,pyramidal L4
2120,pyramidal L4
2000,pyramidal L4
418,pyramidal L4
1763,pyramidal L4
682,pyramidal L4
600,pyramidal L4
1995,pyramidal L4
5825,pyramidal L4
3563,pyramidal L4
1770,pyramidal L4
3815,pyramidal L4
5828,pyramidal L4
2067,pyramidal L4
472,pyramidal L4
3582,pyramidal L4
1943,pyramidal L4
142,pyramidal L4
435,pyramidal L4
1983,pyramidal L4
640,pyramidal L4
615,pyramidal L4
4781,pyramidal L4
4992,pyramidal L4
1978,pyramidal L4
4732,pyramidal L4
4941,pyramidal L4
1960,pyramidal L4
506,pyramidal L4
710,pyramidal L4
633,pyramidal L4
2045,pyramidal L4
541,pyramidal L4
481,pyramidal L4
4776,pyramidal L4
667,pyramidal L4
4867,pyramidal L4
490,pyramidal L4
631,pyramidal L4
3562,pyramidal L4
610,pyramidal L4
3763,pyramidal L4
2053,pyramidal L4
1801,pyramidal L4
613,pyramidal L4
445,pyramidal L4
2193,pyramidal L4
2056,pyramidal L4
1824,pyramidal L4
5912,pyramidal L4
514,pyramidal L4
5842,pyramidal L4
2274,pyramidal L4
5995,pyramidal L4
4953,pyramidal L4
681,pyramidal L4
4778,pyramidal L4
495,pyramidal L4
4927,pyramidal L4
552,pyramidal L4
453,pyramidal L4
4779,pyramidal L4
5003,pyramidal L4
1784,pyramidal L4
5921,pyramidal L4
7046,pyramidal L4
3798,pyramidal L4
6029,pyramidal L4
598,pyramidal L4
388,pyramidal L4
1989,pyramidal L4
3686,pyramidal L4
2094,pyramidal L4
451,pyramidal L4
593,pyramidal L4
3704,pyramidal L4
3646,pyramidal L4
4902,pyramidal L4
1728,pyramidal L4
5949,pyramidal L4
2043,pyramidal L4
669,pyramidal L4
745,pyramidal L4
1986,pyramidal L4
2069,pyramidal L4
526,pyramidal L4
659,pyramidal L4
7049,pyramidal L4
5014,pyramidal L4
1762,pyramidal L4
6265,Pyramidal L5
2155,Pyramidal L5
820,Pyramidal L5
5017,Pyramidal L5
6145,Pyramidal L5
6144,Pyramidal L5
5273,Pyramidal L5
3588,Pyramidal L5
6057,Pyramidal L5
5087,Pyramidal L5
5235,Pyramidal L5
2387,Pyramidal L5
5009,Pyramidal L5
3980,Pyramidal L5
2256,Pyramidal L5
6276,Pyramidal L5
2134,Pyramidal L5
5049,Pyramidal L5
5066,Pyramidal L5
3811,Pyramidal L5
7335,Pyramidal L5
6269,Pyramidal L5
5225,Pyramidal L5
6277,Pyramidal L5
2321,Pyramidal L5
3953,Pyramidal L5
3871,Pyramidal L5
7652,Pyramidal L5
6359,Pyramidal L5
5254,Pyramidal L5
6423,Pyramidal L5
4964,Pyramidal L5
2090,Pyramidal L5
7072,Pyramidal L5
5041,Pyramidal L5
5229,Pyramidal L5
810,Pyramidal L5
3812,Pyramidal L5
6215,Pyramidal L5
6074,Pyramidal L5
6115,Pyramidal L5
7633,Pyramidal L5
2234,Pyramidal L5
2231,Pyramidal L5
3701,Pyramidal L5
5125,Pyramidal L5
673,Pyramidal L5
4079,Pyramidal L5
6089,Pyramidal L5
5409,Pyramidal L5
2190,Pyramidal L5
4128,Pyramidal L5
3813,Pyramidal L5
6149,Pyramidal L5
2405,Pyramidal L5
1823,Pyramidal L5
894,Pyramidal L5
6152,Pyramidal L5
2498,Pyramidal L5
5210,Pyramidal L5
6335,Pyramidal L5
5242,Pyramidal L5
6052,Pyramidal L5
6062,Pyramidal L5
2501,Pyramidal L5
3850,Pyramidal L5
5149,Pyramidal L5
6243,Pyramidal L5
4994,Pyramidal L5
5052,Pyramidal L5
3818,Pyramidal L5
3709,Pyramidal L5
6121,Pyramidal L5
7034,Pyramidal L5
3983,Pyramidal L5
3756,Pyramidal L5
6194,Pyramidal L5
6297,Pyramidal L5
4924,Pyramidal L5
7359,Pyramidal L5
4116,Pyramidal L5
3917,Pyramidal L5
2239,Pyramidal L5
7333,Pyramidal L5
3861,Pyramidal L5
720,Pyramidal L5
956,Pyramidal L5
7347,Pyramidal L5
5883,Pyramidal L5
3900,Pyramidal L5
4114,Pyramidal L5
7369,Pyramidal L5
5192,Pyramidal L5
6114,Pyramidal L5
4820,Pyramidal L5
5207,Pyramidal L5
5117,Pyramidal L5
6173,Pyramidal L5
5042,Pyramidal L5
4105,Pyramidal L5
3884,Pyramidal L5
3889,Pyramidal L5
5008,Pyramidal L5
3845,Pyramidal L5
4905,Pyramidal L5
6358,Pyramidal L5
3939,Pyramidal L5
2287,Pyramidal L5
6192,Pyramidal L5
6178,Pyramidal L5
6203,Pyramidal L5
6163,Pyramidal L5
3879,Pyramidal L5
4077,Pyramidal L5
4000,Pyramidal L5
2322,Pyramidal L5
6281,Pyramidal L5
786,Pyramidal L5
3894,Pyramidal L5
6123,Pyramidal L5
5183,Pyramidal L5
6155,Pyramidal L5
5088,Pyramidal L5
6061,Pyramidal L5
6291,Pyramidal L5
6095,Pyramidal L5
6137,Pyramidal L5
5022,Pyramidal L5
3892,Pyramidal L5
2151,Pyramidal L5
4019,Pyramidal L5
6093,Pyramidal L5
5160,Pyramidal L5
3855,Pyramidal L5
7344,Pyramidal L5
5116,Pyramidal L5
3846,Pyramidal L5
5347,Pyramidal L5
3938,Pyramidal L5
5114,Pyramidal L5
2192,Pyramidal L5
2265,Pyramidal L5
2271,Pyramidal L5
3841,Pyramidal L5
6016,Pyramidal L5
864,Pyramidal L5
6201,Pyramidal L5
5051,Pyramidal L5
3852,Pyramidal L5
6025,Pyramidal L5
3837,Pyramidal L5
3833,Pyramidal L5
7354,Pyramidal L5
7375,Pyramidal L5
5209,Pyramidal L5
3840,Pyramidal L5
6112,Pyramidal L5
3832,Pyramidal L5
6278,Pyramidal L5
3930,Pyramidal L5
821,Pyramidal L5
5162,Pyramidal L5
2325,Pyramidal L6
2400,Pyramidal L6
2573,Pyramidal L6
4008,Pyramidal L6
4028,Pyramidal L6
7381,Pyramidal L6
2367,Pyramidal L6
5188,Pyramidal L6
6239,Pyramidal L6
4112,Pyramidal L6
4154,Pyramidal L6
4090,Pyramidal L6
3985,Pyramidal L6
6417,Pyramidal L6
2429,Pyramidal L6
2583,Pyramidal L6
6271,Pyramidal L6
120,Pyramidal L6
6292,Pyramidal L6
2301,Pyramidal L6
4169,Pyramidal L6
2446,Pyramidal L6
4130,Pyramidal L6
898,Pyramidal L6
5245,Pyramidal L6
6316,Pyramidal L6
2572,Pyramidal L6
4097,Pyramidal L6
911,Pyramidal L6
3994,Pyramidal L6
849,Pyramidal L6
4106,Pyramidal L6
5170,Pyramidal L6
2346,Pyramidal L6
4015,Pyramidal L6
2401,Pyramidal L6
7362,Pyramidal L6
4091,Pyramidal L6
6246,Pyramidal L6
928,Pyramidal L6
6319,Pyramidal L6
4141,Pyramidal L6
886,Pyramidal L6
4145,Pyramidal L6
7654,Pyramidal L6
2194,Pyramidal L6
5226,Pyramidal L6
3984,Pyramidal L6
6280,Pyramidal L6
2576,Pyramidal L6
6341,Pyramidal L6
2326,Pyramidal L6
792,Pyramidal L6
4175,Pyramidal L6
5405,Pyramidal L6
6414,Pyramidal L6
4103,Pyramidal L6
5194,Pyramidal L6
4195,Pyramidal L6
798,Pyramidal L6
6355,Pyramidal L6
6329,Pyramidal L6
6238,Pyramidal L6
4026,Pyramidal L6
991,Pyramidal L6
2499,Pyramidal L6
2412,Pyramidal L6
5195,Pyramidal L6
6360,Pyramidal L6
2398,Pyramidal L6
2416,Pyramidal L6
2476,Pyramidal L6
3977,Pyramidal L6
7666,Pyramidal L6
5180,Pyramidal L6
6385,Pyramidal L6
2449,Pyramidal L6
981,Pyramidal L6
4082,Pyramidal L6
6285,Pyramidal L6
6318,Pyramidal L6
4004,Pyramidal L6
6221,Pyramidal L6
5344,Pyramidal L6
2491,Pyramidal L6
6284,Pyramidal L6
5286,Pyramidal L6
6169,Pyramidal L6
2368,Pyramidal L6
2585,Pyramidal L6
5329,Pyramidal L6
5283,Pyramidal L6
4111,Pyramidal L6
4174,Pyramidal L6
7671,Pyramidal L6
5330,Pyramidal L6
825,Pyramidal L6
7639,Pyramidal L6
5339,Pyramidal L6
5236,Pyramidal L6
6336,Pyramidal L6
2296,Pyramidal L6
2396,Pyramidal L6
3856,Pyramidal L6
5173,Pyramidal L6
2360,Pyramidal L6
6295,Pyramidal L6
4117,Pyramidal L6
7642,Pyramidal L6
905,Pyramidal L6
2606,Pyramidal L6
2214,Pyramidal L6
2179,Pyramidal L6
1010,Pyramidal L6
2247,Pyramidal L6
4030,Pyramidal L6
4119,Pyramidal L6
6298,Pyramidal L6
5349,Pyramidal L6
5193,Pyramidal L6
3437,Pyramidal L6
6391,Pyramidal L6
6397,Pyramidal L6
7669,Pyramidal L6
5287,Pyramidal L6
5342,Pyramidal L6
5315,Pyramidal L6
6235,Pyramidal L6
6264,Pyramidal L6
2610,Pyramidal L6
3935,Pyramidal L6
4073,Pyramidal L6
4017,Pyramidal L6
5337,Pyramidal L6
883,Pyramidal L6
7380,Pyramidal L6
2361,Pyramidal L6
5265,Pyramidal L6
2459,Pyramidal L6
2272,Pyramidal L6
5167,Pyramidal L6
2336,Pyramidal L6
2374,Pyramidal L6
5385,Pyramidal L6
876,Pyramidal L6
6421,Pyramidal L6
5276,Pyramidal L6
4190,Pyramidal L6
5084,Pyramidal L6
5322,Pyramidal L6
6256,Pyramidal L6
6272,Pyramidal L6
2254,Pyramidal L6
6334,Pyramidal L6
6379,Pyramidal L6
872,Pyramidal L6
7378,Pyramidal L6
7365,Pyramidal L6
2341,Pyramidal L6
6352,Pyramidal L6
4161,Pyramidal L6
5224,Pyramidal L6
5154,Pyramidal L6
823,Pyramidal L6
6253,Pyramidal L6
3921,Pyramidal L6
4013,Pyramidal L6
5291,Pyramidal L6
2384,Pyramidal L6
5100,Pyramidal L6
2240,Pyramidal L6
5220,Pyramidal L6
2428,Pyramidal L6
908,Pyramidal L6
6395,Pyramidal L6
6259,Pyramidal L6
5253,Pyramidal L6
900,Pyramidal L6
7658,Pyramidal L6
833,Pyramidal L6
2438,Pyramidal L6
3870,Pyramidal L6
3962,Pyramidal L6
7634,Pyramidal L6
6363,Pyramidal L6
5182,Pyramidal L6
5211,Pyramidal L6
6378,Pyramidal L6
6348,Pyramidal L6
2458,Pyramidal L6
6404,Pyramidal L6
7646,Pyramidal L6
5141,Pyramidal L6
760,Pyramidal L6
6309,Pyramidal L6
6311,Pyramidal L6
771,Pyramidal L6
4101,Pyramidal L6
6424,Pyramidal L6
2318,Pyramidal L6
2456,Pyramidal L6
6287,Pyramidal L6
4043,Pyramidal L6
2277,Pyramidal L6
882,Pyramidal L6
4034,Pyramidal L6
7332,Pyramidal L6
2362,Pyramidal L6
865,Pyramidal L6
5218,Pyramidal L6
784,Pyramidal L6
5372,Pyramidal L6
2436,Pyramidal L6
859,Pyramidal L6
3998,Pyramidal L6
5191,Pyramidal L6
4153,Pyramidal L6
5377,Pyramidal L6
6310,Pyramidal L6
2496,Pyramidal L6
2337,Pyramidal L6
4158,Pyramidal L6
6273,Pyramidal L6
2266,Pyramidal L6
780,Pyramidal L6
2442,Pyramidal L6
6374,Pyramidal L6
6328,Pyramidal L6
6343,Pyramidal L6
6301,Pyramidal L6
5174,Pyramidal L6
878,Pyramidal L6
6261,Pyramidal L6
3920,Pyramidal L6
2548,Pyramidal L6
5298,Pyramidal L6
6321,Pyramidal L6
5179,Pyramidal L6
5325,Pyramidal L6
7660,Pyramidal L6
5227,Pyramidal L6
2335,Pyramidal L6
5129,Pyramidal L6
6425,Pyramidal L6
6436,Pyramidal L6
2184,Pyramidal L6
6429,Pyramidal L6
6386,Pyramidal L6
5223,Pyramidal L6
6304,Pyramidal L6
6223,Pyramidal L6
4059,Pyramidal L6
2363,Pyramidal L6
7364,Pyramidal L6
2525,Pyramidal L6
2393,Pyramidal L6
6393,Pyramidal L6
6407,Pyramidal L6
923,Pyramidal L6
4099,Pyramidal L6
4229,Pyramidal L6
862,Pyramidal L6
2353,Pyramidal L6
6293,Pyramidal L6
6362,Pyramidal L6
6208,Pyramidal L6
4152,Pyramidal L6
5266,Pyramidal L6
835,Pyramidal L6
5378,Pyramidal L6
2248,Pyramidal L6
5139,Pyramidal L6
5241,Pyramidal L6
2516,Pyramidal L6
945,Pyramidal L6
5158,Pyramidal L6
4056,Pyramidal L6
4149,Pyramidal L6
3944,Pyramidal L6
7377,Pyramidal L6
2372,Pyramidal L6
6296,Pyramidal L6
6338,Pyramidal L6
6387,Pyramidal L6
5166,Pyramidal L6
6333,Pyramidal L6
5164,Pyramidal L6
2376,Pyramidal L6
5244,Pyramidal L6
2298,Pyramidal L6
5104,Pyramidal L6
6320,Pyramidal L6
2455,Pyramidal L6
6236,Pyramidal L6
2375,Pyramidal L6
824,Pyramidal L6
2543,Pyramidal L6
5269,Pyramidal L6
2324,Pyramidal L6
6283,Pyramidal L6
2574,Pyramidal L6
7662,Pyramidal L6
4038,Pyramidal L6
5441,Pyramidal L6
6156,Pyramidal L6
5304,Pyramidal L6
2223,Pyramidal L6
4159,Pyramidal L6
2334,Pyramidal L6
7635,Pyramidal L6
5256,Pyramidal L6
5202,Pyramidal L6
5176,Pyramidal L6
5197,Pyramidal L6
3996,Pyramidal L6
5243,Pyramidal L6
6405,Pyramidal L6
5305,Pyramidal L6
2418,Pyramidal L6
2492,Pyramidal L6
4186,Pyramidal L6
970,Pyramidal L6
776,Pyramidal L6
4113,Pyramidal L6
4080,Pyramidal L6
2484,Pyramidal L6
891,Pyramidal L6
4016,Pyramidal L6
2566,Pyramidal L6
990,Pyramidal L6
2250,Pyramidal L6
799,Pyramidal L6
6357,Pyramidal L6
840,Pyramidal L6
998,Pyramidal L6
2273,Pyramidal L6
4005,Pyramidal L6
5222,Pyramidal L6
2267,Pyramidal L6
2198,Pyramidal L6
916,Pyramidal L6
5367,Pyramidal L6
5120,Pyramidal L6
895,Pyramidal L6
4184,Pyramidal L6
2305,Pyramidal L6
656,Pyramidal L6
3905,Pyramidal L6
7356,Pyramidal L6
4058,Pyramidal L6
4104,Pyramidal L6
3971,Pyramidal L6
3976,Pyramidal L6
2424,Pyramidal L6
7631,Pyramidal L6
2454,Pyramidal L6
6748,Pyramidal L6
946,Pyramidal L6
5299,Pyramidal L6
6313,Pyramidal L6
6373,Pyramidal L6
2451,Pyramidal L6
6401,Pyramidal L6
3995,Pyramidal L6
6432,Pyramidal L6
2255,Pyramidal L6
910,Pyramidal L6
2434,Pyramidal L6
5271,Pyramidal L6
6200,Pyramidal L6
2188,Pyramidal L6
2344,Pyramidal L6
6361,Pyramidal L6
6340,Pyramidal L6
5309,Pyramidal L6
2470,Pyramidal L6
817,Pyramidal L6
5172,Pyramidal L6
5268,Pyramidal L6
4052,Pyramidal L6
6262,Pyramidal L6
7661,Pyramidal L6
6241,Pyramidal L6
6312,Pyramidal L6
6350,Pyramidal L6
987,Pyramidal L6
7623,Pyramidal L6
3964,Pyramidal L6
5240,Pyramidal L6
6286,Pyramidal L6
6349,Pyramidal L6
3989,Pyramidal L6
4230,Pyramidal L6
6413,Pyramidal L6
2440,Pyramidal L6
2486,Pyramidal L6
5251,Pyramidal L6
2370,Pyramidal L6
4044,Pyramidal L6
834,Pyramidal L6
2378,Pyramidal L6
6186,Pyramidal L6
2252,Pyramidal L6
7360,Pyramidal L6
896,Pyramidal L6
5383,Pyramidal L6
5247,Pyramidal L6
2452,Pyramidal L6
5138,Pyramidal L6
7624,Pyramidal L6
2475,Pyramidal L6
6365,Pyramidal L6
4118,Pyramidal L6
5168,Pyramidal L6
3912,Pyramidal L6
2343,Pyramidal L6
7676,Pyramidal L6
2395,Pyramidal L6
938,Pyramidal L6
2281,Pyramidal L6
4137,Pyramidal L6
2391,Pyramidal L6
3906,Pyramidal L6
6370,Pyramidal L6
5196,Pyramidal L6
5295,Pyramidal L6
6356,Pyramidal L6
5390,Pyramidal L6
6268,Pyramidal L6
5313,Pyramidal L6
869,Pyramidal L6
2524,Pyramidal L6
5332,Pyramidal L6
2578,Pyramidal L6
4040,Pyramidal L6
808,Pyramidal L6
5965,Hippocampus
2230,Hippocampus
746,Hippocampus
4042,Hippocampus
7366,Hippocampus
2385,Hippocampus
803,Hippocampus
6179,Hippocampus
777,Hippocampus
787,Hippocampus
789,Hippocampus
3640,Hippocampus
4826,Hippocampus
4955,Hippocampus
4558,Astrocyte Gfap
173,Astrocyte Gfap
163,Astrocyte Gfap
5611,Astrocyte Gfap
1573,Astrocyte Gfap
171,Astrocyte Gfap
4549,Astrocyte Gfap
166,Astrocyte Gfap
12,Astrocyte Gfap
5594,Astrocyte Gfap
5610,Astrocyte Gfap
8,Astrocyte Gfap
3306,Astrocyte Gfap
3314,Astrocyte Gfap
9,Astrocyte Gfap
1541,Astrocyte Gfap
182,Astrocyte Gfap
1561,Astrocyte Gfap
1565,Astrocyte Gfap
1559,Astrocyte Gfap
161,Astrocyte Gfap
5582,Astrocyte Gfap
13,Astrocyte Gfap
5674,Astrocyte Gfap
1625,Astrocyte Gfap
159,Astrocyte Gfap
3321,Astrocyte Gfap
3320,Astrocyte Gfap
1592,Astrocyte Gfap
4604,Astrocyte Gfap
4624,Astrocyte Gfap
1585,Astrocyte Gfap
5614,Astrocyte Gfap
1587,Astrocyte Gfap
1542,Astrocyte Gfap
5605,Astrocyte Gfap
1544,Astrocyte Gfap
4563,Astrocyte Gfap
1580,Astrocyte Gfap
2,Astrocyte Gfap
3,Astrocyte Gfap
3300,Astrocyte Gfap
5617,Astrocyte Gfap
208,Astrocyte Gfap
3311,Astrocyte Gfap
1583,Astrocyte Gfap
3319,Astrocyte Gfap
1579,Astrocyte Gfap
3329,Astrocyte Gfap
169,Astrocyte Gfap
7,Astrocyte Gfap
1555,Astrocyte Gfap
429,Astrocyte Mfge8
5964,Astrocyte Mfge8
246,Astrocyte Mfge8
5631,Astrocyte Mfge8
6597,Astrocyte Mfge8
4125,Astrocyte Mfge8
4057,Astrocyte Mfge8
1609,Astrocyte Mfge8
6166,Astrocyte Mfge8
6220,Astrocyte Mfge8
1603,Astrocyte Mfge8
5312,Astrocyte Mfge8
4923,Astrocyte Mfge8
4845,Astrocyte Mfge8
5935,Astrocyte Mfge8
4727,Astrocyte Mfge8
6596,Astrocyte Mfge8
267,Astrocyte Mfge8
804,Astrocyte Mfge8
4995,Astrocyte Mfge8
6099,Astrocyte Mfge8
3949,Astrocyte Mfge8
5600,Astrocyte Mfge8
2285,Astrocyte Mfge8
4889,Astrocyte Mfge8
5632,Astrocyte Mfge8
6364,Astrocyte Mfge8
4621,Astrocyte Mfge8
663,Astrocyte Mfge8
4566,Astrocyte Mfge8
1888,Astrocyte Mfge8
5765,Astrocyte Mfge8
5985,Astrocyte Mfge8
6300,Astrocyte Mfge8
3844,Astrocyte Mfge8
5612,Astrocyte Mfge8
5198,Astrocyte Mfge8
3741,Astrocyte Mfge8
2068,Astrocyte Mfge8
4806,Astrocyte Mfge8
1977,Astrocyte Mfge8
4946,Astrocyte Mfge8
7352,Astrocyte Mfge8
2095,Astrocyte Mfge8
2017,Astrocyte Mfge8
4726,Astrocyte Mfge8
5983,Astrocyte Mfge8
4943,Astrocyte Mfge8
125,Astrocyte Mfge8
4982,Astrocyte Mfge8
7045,Astrocyte Mfge8
534,Astrocyte Mfge8
1976,Astrocyte Mfge8
5976,Astrocyte Mfge8
793,Astrocyte Mfge8
2283,Astrocyte Mfge8
465,Astrocyte Mfge8
6332,Astrocyte Mfge8
529,Astrocyte Mfge8
357,Astrocyte Mfge8
132,Astrocyte Mfge8
6601,Astrocyte Mfge8
1910,Astrocyte Mfge8
6180,Astrocyte Mfge8
6317,Astrocyte Mfge8
3504,Astrocyte Mfge8
6377,Astrocyte Mfge8
6167,Astrocyte Mfge8
1600,Astrocyte Mfge8
1774,Astrocyte Mfge8
2466,Astrocyte Mfge8
4705,Astrocyte Mfge8
3668,Astrocyte Mfge8
2531,Astrocyte Mfge8
2176,Astrocyte Mfge8
5599,Astrocyte Mfge8
542,Astrocyte Mfge8
703,Astrocyte Mfge8
5320,Astrocyte Mfge8
420,Astrocyte Mfge8
3951,Astrocyte Mfge8
2464,Astrocyte Mfge8
263,Astrocyte Mfge8
1847,Astrocyte Mfge8
2575,Astrocyte Mfge8
330,Oligodendrocyte Precursor cells
5872,Oligodendrocyte Precursor cells
595,Oligodendrocyte Precursor cells
45,Oligodendrocyte Precursor cells
2340,Oligodendrocyte Precursor cells
1624,Oligodendrocyte Precursor cells
2422,Oligodendrocyte Precursor cells
5021,Oligodendrocyte Precursor cells
796,Oligodendrocyte Precursor cells
4963,Oligodendrocyte Precursor cells
4590,Oligodendrocyte Precursor cells
6600,Oligodendrocyte Precursor cells
223,Oligodendrocyte Precursor cells
207,Oligodendrocyte Precursor cells
4542,Oligodendrocyte Precursor cells
378,Oligodendrocyte Precursor cells
4631,Oligodendrocyte Precursor cells
1000,Oligodendrocyte Precursor cells
4738,Oligodendrocyte Precursor cells
1564,Oligodendrocyte Precursor cells
4547,Oligodendrocyte Precursor cells
282,Oligodendrocyte Precursor cells
6176,Oligodendrocyte Precursor cells
353,Oligodendrocyte Precursor cells
5060,Oligodendrocyte Precursor cells
3689,Oligodendrocyte Precursor cells
4967,Oligodendrocyte Precursor cells
2477,Oligodendrocyte Precursor cells
3675,Oligodendrocyte Precursor cells
2495,Oligodendrocyte Precursor cells
5999,Oligodendrocyte Precursor cells
839,Oligodendrocyte Precursor cells
2047,Oligodendrocyte Precursor cells
6205,Oligodendrocyte Precursor cells
4554,Oligodendrocyte Precursor cells
1694,Oligodendrocyte Precursor cells
5264,Oligodendrocyte Precursor cells
4555,Oligodendrocyte Precursor cells
1578,Oligodendrocyte Precursor cells
1628,Oligodendrocyte Precursor cells
2381,Oligodendrocyte Precursor cells
4774,Oligodendrocyte Precursor cells
4938,Oligodendrocyte Precursor cells
1760,Oligodendrocyte Precursor cells
2150,Oligodendrocyte Precursor cells
4544,Oligodendrocyte Precursor cells
5709,Oligodendrocyte Precursor cells
698,Oligodendrocyte Precursor cells
7059,Oligodendrocyte Precursor cells
5876,Oligodendrocyte Precursor cells
4940,Oligodendrocyte Precursor cells
1558,Oligodendrocyte Precursor cells
6450,Oligodendrocyte Precursor cells
190,Oligodendrocyte Precursor cells
590,Oligodendrocyte Precursor cells
6589,Oligodendrocyte Precursor cells
7337,Oligodendrocyte Precursor cells
917,Oligodendrocyte Precursor cells
5205,Oligodendrocyte Precursor cells
128,Oligodendrocyte Precursor cells
3744,Oligodendrocyte Precursor cells
24,Oligodendrocyte Precursor cells
6070,Oligodendrocyte Precursor cells
5153,Oligodendrocyte Precursor cells
6128,Oligodendrocyte Precursor cells
3974,Oligodendrocyte Precursor cells
433,Oligodendrocyte Precursor cells
6154,Oligodendrocyte Precursor cells
1714,Oligodendrocyte Precursor cells
3993,Oligodendrocyte Precursor cells
5248,Oligodendrocyte Precursor cells
2308,Oligodendrocyte Precursor cells
6224,Oligodendrocyte Precursor cells
2345,Oligodendrocyte Precursor cells
2377,Oligodendrocyte Precursor cells
2185,Oligodendrocyte Precursor cells
2415,Oligodendrocyte Precursor cells
5076,Oligodendrocyte Precursor cells
6141,Oligodendrocyte Precursor cells
231,Oligodendrocyte Precursor cells
5145,Oligodendrocyte Precursor cells
6041,Oligodendrocyte Precursor cells
2222,Oligodendrocyte Precursor cells
3621,Oligodendrocyte Precursor cells
5772,Oligodendrocyte COP
168,Oligodendrocyte COP
4135,Oligodendrocyte COP
261,Oligodendrocyte COP
3955,Oligodendrocyte COP
11,Oligodendrocyte COP
551,Oligodendrocyte COP
4014,Oligodendrocyte COP
5856,Oligodendrocyte COP
6593,Oligodendrocyte COP
4171,Oligodendrocyte COP
2178,Oligodendrocyte COP
6030,Oligodendrocyte COP
7048,Oligodendrocyte COP
439,Oligodendrocyte COP
5627,Oligodendrocyte COP
2521,Oligodendrocyte COP
4616,Oligodendrocyte COP
2595,Oligodendrocyte COP
5065,Oligodendrocyte COP
165,Oligodendrocyte COP
941,Oligodendrocyte COP
5217,Oligodendrocyte COP
1741,Oligodendrocyte COP
5215,Oligodendrocyte COP
5596,Oligodendrocyte COP
115,Oligodendrocyte COP
5131,Oligodendrocyte COP
4969,Oligodendrocyte COP
2562,Oligodendrocyte COP
6022,Oligodendrocyte COP
7040,Oligodendrocyte COP
4842,Oligodendrocyte COP
2177,Oligodendrocyte COP
942,Oligodendrocyte COP
6307,Oligodendrocyte COP
2009,Oligodendrocyte COP
4947,Oligodendrocyte COP
1556,Oligodendrocyte COP
1916,Oligodendrocyte COP
6375,Oligodendrocyte COP
1557,Oligodendrocyte COP
327,Oligodendrocyte COP
637,Oligodendrocyte COP
5105,Oligodendrocyte COP
1582,Oligodendrocyte COP
5326,Oligodendrocyte COP
6240,Oligodendrocyte COP
5270,Oligodendrocyte COP
7038,Oligodendrocyte COP
6020,Oligodendrocyte COP
3916,Oligodendrocyte COP
1692,Oligodendrocyte COP
3474,Oligodendrocyte COP
3301,Oligodendrocyte COP
866,Oligodendrocyte COP
328,Oligodendrocyte COP
10,Oligodendrocyte COP
4608,Oligodendrocyte COP
1691,Oligodendrocyte COP
3839,Oligodendrocyte COP
7374,Oligodendrocyte COP
3652,Oligodendrocyte COP
5121,Oligodendrocyte COP
2289,Oligodendrocyte COP
2561,Oligodendrocyte COP
2441,Oligodendrocyte COP
3317,Oligodendrocyte COP
5427,Oligodendrocyte NF
6006,Oligodendrocyte NF
5609,Oligodendrocyte NF
5619,Oligodendrocyte NF
4129,Oligodendrocyte NF
675,Oligodendrocyte NF
6730,Oligodendrocyte NF
6604,Oligodendrocyte NF
4225,Oligodendrocyte NF
4922,Oligodendrocyte NF
6760,Oligodendrocyte NF
4615,Oligodendrocyte NF
6024,Oligodendrocyte NF
6747,Oligodendrocyte NF
5621,Oligodendrocyte NF
1655,Oligodendrocyte NF
1605,Oligodendrocyte NF
6367,Oligodendrocyte NF
3925,Oligodendrocyte NF
3494,Oligodendrocyte NF
5777,Oligodendrocyte NF
3761,Oligodendrocyte NF
5814,Oligodendrocyte NF
7042,Oligodendrocyte NF
6368,Oligodendrocyte NF
2590,Oligodendrocyte NF
2096,Oligodendrocyte NF
5618,Oligodendrocyte NF
1808,Oligodendrocyte NF
6418,Oligodendrocyte MF
6260,Oligodendrocyte MF
5360,Oligodendrocyte MF
3785,Oligodendrocyte MF
831,Oligodendrocyte MF
2279,Oligodendrocyte MF
3902,Oligodendrocyte MF
2124,Oligodendrocyte MF
1747,Oligodendrocyte MF
2332,Oligodendrocyte MF
345,Oligodendrocyte MF
756,Oligodendrocyte MF
7628,Oligodendrocyte MF
4772,Oligodendrocyte MF
2579,Oligodendrocyte MF
3809,Oligodendrocyte MF
2144,Oligodendrocyte MF
3868,Oligodendrocyte MF
415,Oligodendrocyte MF
3843,Oligodendrocyte MF
2149,Oligodendrocyte MF
117,Oligodendrocyte MF
5359,Oligodendrocyte MF
2333,Oligodendrocyte MF
832,Oligodendrocyte MF
994,Oligodendrocyte Mature
2288,Oligodendrocyte Mature
3969,Oligodendrocyte Mature
6465,Oligodendrocyte Mature
2213,Oligodendrocyte Mature
6175,Oligodendrocyte Mature
744,Oligodendrocyte Mature
6323,Oligodendrocyte Mature
5103,Oligodendrocyte Mature
811,Oligodendrocyte Mature
5358,Oligodendrocyte Mature
3899,Oligodendrocyte Mature
668,Oligodendrocyte Mature
1956,Oligodendrocyte Mature
5414,Oligodendrocyte Mature
4076,Oligodendrocyte Mature
6400,Oligodendrocyte Mature
2380,Oligodendrocyte Mature
2506,Oligodendrocyte Mature
2508,Oligodendrocyte Mature
989,Oligodendrocyte Mature
2286,Oligodendrocyte Mature
727,Oligodendrocyte Mature
2200,Oligodendrocyte Mature
7655,Oligodendrocyte Mature
2542,Oligodendrocyte Mature
4061,Oligodendrocyte Mature
5353,Oligodendrocyte Mature
755,Oligodendrocyte Mature
2172,Oligodendrocyte Mature
7076,Oligodendrocyte Mature
443,Oligodendrocyte Mature
6250,Oligodendrocyte Mature
6305,Oligodendrocyte Mature
5355,Oligodendrocyte Mature
2593,Oligodendrocyte Mature
3952,Oligodendrocyte Mature
979,Oligodendrocyte Mature
2483,Oligodendrocyte Mature
922,Oligodendrocyte Mature
2609,Oligodendrocyte Mature
5334,Oligodendrocyte Mature
2303,Oligodendrocyte Mature
4110,Oligodendrocyte Mature
2173,Oligodendrocyte Mature
5208,Oligodendrocyte Mature
6257,Oligodendrocyte Mature
2473,Oligodendrocyte Mature
4064,Oligodendrocyte Mature
2141,Oligodendrocyte Mature
5317,Oligodendrocyte Mature
4956,Oligodendrocyte Mature
4053,Oligodendrocyte Mature
596,Oligodendrocyte Mature
6376,Oligodendrocyte Mature
984,Oligodendrocyte Mature
5365,Oligodendrocyte Mature
6258,Oligodendrocyte Mature
4187,Oligodendrocyte Mature
6331,Oligodendrocyte Mature
788,Oligodendrocyte Mature
1039,Oligodendrocyte Mature
858,Oligodendrocyte Mature
2435,Oligodendrocyte Mature
1002,Oligodendrocyte Mature
5143,Oligodendrocyte Mature
2206,Oligodendrocyte Mature
2493,Oligodendrocyte Mature
980,Oligodendrocyte Mature
5280,Oligodendrocyte Mature
5357,Oligodendrocyte Mature
130,Oligodendrocyte Mature
2586,Oligodendrocyte Mature
2482,Oligodendrocyte Mature
6399,Oligodendrocyte Mature
2603,Oligodendrocyte Mature
355,Oligodendrocyte Mature
2598,Oligodendrocyte Mature
2314,Oligodendrocyte Mature
7041,Perivascular Macrophages
4790,Perivascular Macrophages
5713,Perivascular Macrophages
1979,Perivascular Macrophages
5,Perivascular Macrophages
3691,Perivascular Macrophages
7084,Perivascular Macrophages
1803,Perivascular Macrophages
5661,Perivascular Macrophages
4513,Perivascular Macrophages
5616,Perivascular Macrophages
4807,Perivascular Macrophages
7367,Perivascular Macrophages
5671,Perivascular Macrophages
5587,Perivascular Macrophages
5796,Perivascular Macrophages
5815,Perivascular Macrophages
3684,Perivascular Macrophages
3466,Perivascular Macrophages
4720,Perivascular Macrophages
3622,Perivascular Macrophages
5742,Perivascular Macrophages
5055,Perivascular Macrophages
5352,Perivascular Macrophages
6148,Perivascular Macrophages
4817,Perivascular Macrophages
5888,Perivascular Macrophages
6712,Perivascular Macrophages
5943,Perivascular Macrophages
3424,Perivascular Macrophages
5791,Perivascular Macrophages
5931,Perivascular Macrophages
5593,Perivascular Macrophages
3544,Perivascular Macrophages
4822,Perivascular Macrophages
4954,Perivascular Macrophages
6731,Perivascular Macrophages
6749,Perivascular Macrophages
3609,Perivascular Macrophages
1876,Perivascular Macrophages
7339,Perivascular Macrophages
5606,Perivascular Macrophages
4914,Perivascular Macrophages
4565,Perivascular Macrophages
6065,Perivascular Macrophages
6746,Perivascular Macrophages
619,Perivascular Macrophages
4564,Perivascular Macrophages
1641,Perivascular Macrophages
458,Perivascular Macrophages
4510,Perivascular Macrophages
5711,Microglia
4977,Microglia
6282,Microglia
5642,Microglia
1560,Microglia
3716,Microglia
762,Microglia
1546,Microglia
3891,Microglia
423,Microglia
2046,Microglia
3372,Microglia
5581,Microglia
3865,Microglia
5970,Microglia
1795,Microglia
324,Microglia
1688,Microglia
5178,Microglia
3720,Microglia
5124,Microglia
1647,Microglia
6111,Microglia
3982,Microglia
4737,Microglia
5860,Microglia
774,Microglia
2202,Microglia
622,Microglia
5679,Microglia
6751,Microglia
775,Microglia
5756,Microglia
7372,Microglia
1651,Microglia
124,Microglia
278,Microglia
1821,Microglia
4773,Microglia
449,Microglia
591,Microglia
4656,Microglia
2060,Microglia
2204,Microglia
3792,C. Plexus
1743,C. Plexus
4771,C. Plexus
1701,C. Plexus
3381,C. Plexus
5749,C. Plexus
2241,C. Plexus
97,C. Plexus
113,C. Plexus
3731,C. Plexus
1601,C. Plexus
5187,C. Plexus
906,C. Plexus
1613,C. Plexus
4746,C. Plexus
5657,C. Plexus
334,C. Plexus
1843,C. Plexus
614,C. Plexus
5583,C. Plexus
229,C. Plexus
3797,C. Plexus
1800,C. Plexus
4530,C. Plexus
972,C. Plexus
2365,C. Plexus
3625,C. Plexus
337,C. Plexus
54,C. Plexus
1742,C. Plexus
3423,C. Plexus
1698,C. Plexus
1716,C. Plexus
5152,C. Plexus
290,C. Plexus
2316,C. Plexus
5630,Ependymal
7067,Ependymal
6595,Ependymal
5126,Pericytes
1554,Pericytes
3672,Pericytes
3680,Pericytes
1748,Pericytes
3882,Pericytes
3757,Pericytes
576,Pericytes
47,Pericytes
6076,Pericytes
2420,Pericytes
192,Pericytes
592,Pericytes
874,Pericytes
1014,Pericytes
1567,Pericytes
175,Pericytes
6047,Pericytes
4132,Pericytes
4906,Pericytes
3361,Pericytes
2217,Pericytes
288,Pericytes
6168,Pericytes
3333,Pericytes
5669,Pericytes
1767,Pericytes
197,Pericytes
4828,Pericytes
176,Pericytes
103,Pericytes
382,Pericytes
6327,Pericytes
52,Pericytes
1604,Pericytes
907,Pericytes
3626,Pericytes
1752,Pericytes
6009,Pericytes
4557,Pericytes
851,Pericytes
3376,Pericytes
855,Pericytes
1928,Pericytes
564,Pericytes
4921,Pericytes
4747,Pericytes
344,Pericytes
5027,Pericytes
3342,Pericytes
879,Pericytes
3733,Pericytes
2170,Pericytes
114,Pericytes
3629,Pericytes
5904,Pericytes
98,Pericytes
371,Pericytes
4881,Pericytes
105,Pericytes
1661,Pericytes
5037,Pericytes
3724,Pericytes
380,Pericytes
2216,Pericytes
2615,Pericytes
2142,Pericytes
5034,Pericytes
1940,Pericytes
3673,Pericytes
6756,Pericytes
3690,Pericytes
4550,Pericytes
4066,Pericytes
6,Pericytes
6147,Pericytes
6150,Pericytes
520,Pericytes
302,Pericytes
877,Pericytes
599,Pericytes
7080,Pericytes
2225,Pericytes
4526,Pericytes
1676,Pericytes
3310,Pericytes
660,Pericytes
3394,Endothelial
1734,Endothelial
5302,Endothelial
5161,Endothelial
3648,Endothelial
5917,Endothelial
1590,Endothelial
66,Endothelial
4156,Endothelial
3826,Endothelial
1553,Endothelial
5237,Endothelial
432,Endothelial
5089,Endothelial
913,Endothelial
3736,Endothelial
4191,Endothelial
3942,Endothelial
3303,Endothelial
2356,Endothelial
586,Endothelial
5144,Endothelial
4878,Endothelial
4858,Endothelial
3297,Endothelial
4709,Endothelial
2546,Endothelial
216,Endothelial
265,Endothelial
5142,Endothelial
236,Endothelial
739,Endothelial
317,Endothelial
754,Endothelial
6592,Endothelial
740,Endothelial
5636,Endothelial
3327,Endothelial
1552,Endothelial
40,Endothelial
4548,Endothelial
3345,Endothelial
333,Endothelial
623,Endothelial
358,Endothelial
4087,Endothelial
4650,Endothelial
5159,Endothelial
3349,Endothelial
1566,Endothelial
4194,Endothelial
5951,Endothelial
3450,Endothelial
396,Endothelial
4515,Endothelial
3344,Endothelial
3634,Endothelial
407,Endothelial
700,Endothelial
19,Endothelial
25,Endothelial
3511,Endothelial
1681,Endothelial
783,Endothelial
5865,Endothelial
5922,Endothelial
5959,Endothelial
3825,Endothelial
6326,Endothelial
779,Endothelial
5147,Endothelial
4535,Endothelial
6294,Endothelial
3606,Endothelial
4814,Endothelial
2182,Endothelial
3383,Endothelial
419,Endothelial
867,Endothelial
3991,Endothelial
2507,Endothelial
5833,Endothelial
3330,Endothelial
106,Endothelial
2189,Endothelial
3407,Endothelial
2465,Endothelial
406,Endothelial
3641,Endothelial
4172,Endothelial
7370,Endothelial
2197,Endothelial
3479,Endothelial
4556,Endothelial
627,Endothelial
1759,Endothelial
1697,Endothelial
1844,Endothelial
3305,Endothelial
289,Endothelial
3940,Endothelial
158,Endothelial
5592,Endothelial
4529,Endothelial
211,Endothelial
4209,Endothelial
4551,Endothelial
5184,Endothelial
3685,Endothelial
1776,Endothelial
4509,Endothelial
2588,Endothelial
3693,Endothelial
5091,Endothelial
3895,Endothelial
5937,Endothelial
210,Endothelial
6139,Endothelial
116,Endothelial
1964,Endothelial
4540,Endothelial
4973,Endothelial
349,Endothelial
5891,Endothelial
220,Endothelial
4041,Endothelial
4189,Endothelial
1563,Endothelial
2048,Endothelial
5025,Endothelial
172,Endothelial
411,Endothelial
926,Endothelial
2054,Endothelial
6745,Endothelial
3356,Endothelial
4745,Endothelial
4517,Endothelial
2591,Endothelial
280,Endothelial
5625,Endothelial
4591,Endothelial
761,Endothelial
3666,Endothelial
2066,Endothelial
1599,Endothelial
1721,Endothelial
1550,Endothelial
3304,Endothelial
1551,Endothelial
28,Endothelial
2357,Endothelial
2389,Endothelial
3331,Endothelial
4011,Endothelial
712,Endothelial
15,Endothelial
2394,Endothelial
3729,Endothelial
294,Endothelial
1938,Endothelial
4674,Endothelial
5108,Endothelial
4533,Endothelial
133,Endothelial
630,Endothelial
75,Endothelial
21,Endothelial
3298,Endothelial
1987,Endothelial
5096,Endothelial
737,Endothelial
1562,Endothelial
4528,Endothelial
3448,Endothelial
782,Endothelial
3869,Endothelial
241,Endothelial 1
240,Endothelial 1
1646,Endothelial 1
1805,Endothelial 1
848,Endothelial 1
2490,Endothelial 1
889,Endothelial 1
5133,Endothelial 1
6142,Endothelial 1
5580,Endothelial 1
951,Endothelial 1
1658,Endothelial 1
4162,Endothelial 1
153,Endothelial 1
402,Endothelial 1
187,Endothelial 1
51,Endothelial 1
3864,Endothelial 1
316,Endothelial 1
5361,Endothelial 1
1643,Endothelial 1
4823,Endothelial 1
88,Endothelial 1
1631,Endothelial 1
954,Endothelial 1
843,Endothelial 1
2290,Endothelial 1
22,Endothelial 1
4522,Endothelial 1
953,Endothelial 1
5346,Endothelial 1
961,Endothelial 1
196,Endothelial 1
42,Endothelial 1
14,Endothelial 1
1547,Endothelial 1
6306,Endothelial 1
1635,Endothelial 1
401,Endothelial 1
3338,Endothelial 1
233,Endothelial 1
902,Endothelial 1
2423,Endothelial 1
4731,Endothelial 1
3358,Endothelial 1
2104,Endothelial 1
119,Endothelial 1
2164,Endothelial 1
5308,Endothelial 1
3956,Endothelial 1
155,Endothelial 1
4511,Endothelial 1
4069,Endothelial 1
152,Endothelial 1
2228,Endothelial 1
861,Endothelial 1
92,Endothelial 1
4036,Endothelial 1
1623,Endothelial 1
3419,Endothelial 1
950,Endothelial 1
844,Endothelial 1
297,Endothelial 1
2186,Endothelial 1
884,Endothelial 1
5905,Endothelial 1
1568,Endothelial 1
4512,Endothelial 1
4521,Vascular Smooth Muscle
5341,Vascular Smooth Muscle
650,Vascular Smooth Muscle
4212,Vascular Smooth Muscle
343,Vascular Smooth Muscle
85,Vascular Smooth Muscle
4520,Vascular Smooth Muscle
3608,Vascular Smooth Muscle
3863,Vascular Smooth Muscle
1707,Vascular Smooth Muscle
7641,Vascular Smooth Muscle
3337,Vascular Smooth Muscle
1790,Vascular Smooth Muscle
2602,Vascular Smooth Muscle
3635,Vascular Smooth Muscle
3336,Vascular Smooth Muscle
6462,Vascular Smooth Muscle
260,Vascular Smooth Muscle
6431,Vascular Smooth Muscle
